chaeseong,gunhyeong,seoha,suhyeon
1110936,243062,1015438,406731
1039407,583982,435318,976409
1348211,595864,1308113,590650
1129167,817524,500015,570980
468945,454492,547295,833786
878024,1138151,1121997,552168
121387,374061,1099571,898214
528059,968668,160908,1348318
480858,297292,490972,1010091
1302681,1246154,1016784,485237
747010,1013470,1203332,65256
583712,225454,1034427,327495
20521,800891,1342721,516082
922255,562664,15161,1045974
216064,191731,599034,86474
49144,1348765,1091987,427442
514483,66319,809711,1347748
462652,189283,735183,1216149
477506,1347743,1016409,590960
604504,1287287,1211330,344270
1044499,123928,190503,750518
796261,346290,288613,120676
486785,945796,527783,369709
1103885,560522,1344186,597457
373457,570925,611757,1273229
369910,970386,1006115,1304591
27116,806432,994944,371095
433943,1177487,1348615,1162148
1250810,226072,753494,14656
279442,1310270,793250,825365
1066091,818218,1220568,1008917
1320301,852966,354902,1345793
705560,1016234,769709,1302843
306862,775365,435033,566847
1348784,91579,1031248,94353
553292,306450,1231419,60574
218996,1232564,571456,193586
467211,449014,433592,1009742
429729,1274550,245521,1047175
741634,1130794,791011,717044
691960,665254,589090,1315091
1348602,1322135,506121,1130934
856769,314526,191935,282738
1109755,734267,142183,1260129
987230,976945,1321092,788854
1070263,597520,197372,545114
399314,867509,820881,447155
956705,143706,560747,1003818
476193,1001317,561395,742514
1313056,689927,162300,1348243
1147881,1289614,91809,103632
843661,794755,1142902,1133985
1288246,1308421,758362,145037
684131,581688,913941,490922
760253,516344,742136,1169998
924033,955343,218420,827669
177058,313700,160837,1295405
1280080,348962,918546,956867
363360,810802,1160382,293821
1308249,449364,191742,503940
752722,805990,477346,949926
389035,926699,435139,1129107
1174396,542347,560794,597875
665302,326454,1270751,1186670
616240,90640,892024,1173040
536805,1079558,619373,1171795
976410,1003843,586868,818579
556347,830846,964740,787761
746209,964053,246079,893086
1348478,945696,848700,545212
467103,1250632,831056,1034447
548296,893344,676386,1348864
819730,265181,273245,319874
1029629,701930,64290,402625
772941,1113568,190729,649190
546705,1024564,457793,423986
539673,183955,150075,1106533
748695,466745,736337,585242
1137613,183924,563267,59556
1348267,921541,1143654,884737
1173938,1012401,747321,832086
338109,1283792,819725,506704
636918,692142,763626,416948
798903,949963,713396,968839
1348523,937791,580181,528033
1037912,475409,197847,1113377
307583,1003607,41722,616227
324518,793148,1276646,918017
454178,192806,1119021,529693
1188122,1208780,580323,581725
1099462,374481,174304,619195
800850,531912,997862,831906
545062,1104194,297812,840365
570986,323244,969944,855198
1337361,1348908,89069,1212862
1256384,907743,681472,267341
281806,454200,787705,980907
97142,429798,985968,190493
1021354,941609,1061196,475142
184428,61938,531915,298374
1170864,265924,813156,1181047
371928,546863,1348738,561404
256276,1348651,747365,257274
800092,743937,353540,814785
561261,1129355,225530,182127
1058684,950015,831898,273865
818199,675773,676343,1345753
169403,839070,857455,314352
829994,775153,1101323,1016543
1163795,747765,682019,855570
1119790,1037589,352964,880731
944163,141783,1049671,994461
1248337,99237,1302691,457646
776504,96373,918289,1256975
110522,821951,816999,987223
956330,949285,832661,162540
1231361,1097948,648573,312326
390999,989854,1220430,206914
928411,1347817,361049,1049199
702086,1315250,890536,647698
696339,216565,1175643,892922
1077546,827666,821743,200725
1074204,1000624,1212694,30792
518072,571807,96114,477083
218403,17394,1249978,701566
52803,728513,861005,383057
1155776,992655,1217485,326385
474442,850603,535708,1119495
1065254,1172173,1232607,1340067
1099518,1224859,676462,477259
1113216,1169976,1348462,588766
1106429,847340,169524,161630
907780,77587,429749,892182
1077208,1130978,1151797,937800
815232,1232575,794300,37424
1212316,41547,773348,1027425
964731,333082,1179749,820903
1248062,740102,1348844,586558
823374,411370,107682,595534
1217351,86505,304982,339781
278871,373710,1222550,418351
841492,306242,1175414,990742
174263,589326,1202001,901217
890638,1161701,369723,181498
1341784,746931,1139022,1188116
322808,191918,1144753,553004
522016,586855,1203327,598737
692726,958939,597548,854472
1176743,937987,552730,824992
627341,681352,827727,941062
167210,956855,77606,362916
876207,703752,1077072,1099511
192340,1043850,16290,66481
178546,223024,1039401,1061256
732592,224526,700051,521321
939801,778320,709410,1161589
1049196,758159,476222,1169427
888680,1347791,819796,899022
1198375,1146338,100901,684115
517977,911655,298708,182378
417791,334128,488539,864562
1016882,1317913,529606,568663
760311,979071,586874,1118893
63543,554697,93415,939020
1285572,160896,93419,96214
391019,221425,812505,1021771
257271,545804,54327,1288393
690076,91437,790562,719151
421637,777040,367357,831181
672677,969372,958879,41543
831332,706514,886291,1061069
1308351,994938,788856,969248
189255,925913,3422,273746
533548,830002,1011631,1348467
371091,2436,935101,969488
929687,74953,132261,599200
1233908,545142,298825,879979
13061,1318923,676468,813868
857885,1064315,550769,1112268
930798,856770,810893,1044665
937873,157399,128338,945840
16338,944783,902856,116547
975156,840008,1249856,162313
448915,797813,1212506,415196
405028,1094177,394324,584606
313665,684132,528047,1073324
753490,29854,1072723,161000
754656,265923,1318924,125197
116167,528046,783070,1348427
51208,900954,989249,174855
124200,1114377,324145,580182
595812,1348355,1078362,1265290
1111508,470988,1239184,941001
846701,468228,343332,206753
528673,415027,161737,616241
449303,154894,1197809,627290
837400,387951,1211555,900917
994952,420573,597539,341796
854881,994958,1348628,529856
54322,1283170,1348212,752520
189812,1299740,206714,943794
924032,552572,1272469,1128688
845804,1240275,821845,537000
957356,791202,506059,969494
797797,334279,604894,1277394
771980,542354,1035339,1125677
793654,165886,238126,263727
1186057,930759,855178,1315459
817501,160897,587865,333945
1194129,733550,1348913,1021927
1190705,1018897,571607,560492
1348213,1348644,146404,831819
1277116,1057528,777035,828930
298075,747888,597414,314869
1346566,1120393,777023,878393
449456,1053807,1059635,1260128
702562,552535,805993,30672
1238578,810889,279318,884646
1122106,541419,697800,38141
700412,571471,55406,1083108
614340,422002,496225,569430
1232777,1200945,548258,1030466
686889,741105,947013,45207
607405,1172604,1133139,553295
1030748,597504,943758,1204709
275927,1010109,796933,568511
1348442,839946,890426,1348777
194709,63552,1007281,1120524
1061281,941113,1085392,361028
15119,313030,191914,141787
788246,594392,1138972,494258
737684,1348263,864297,153129
334949,467431,981715,278917
688828,688080,1202347,1291849
616392,479447,926545,495751
855314,1012271,429780,205306
535940,789377,598946,716794
736656,193757,1265508,297598
209766,161636,1288347,744436
1016460,963898,1162152,1154238
565620,819588,161100,794303
47704,162194,1239912,266850
1107685,788241,583553,536987
1059357,893732,1009804,853522
1059837,1247929,893364,647554
938700,1030871,258861,920049
684105,449958,1285478,805268
616221,800871,701964,473732
669511,1348683,583757,825873
691469,959079,996095,563009
1200153,906693,994959,966728
1142104,994984,578143,1028713
1025777,979733,324021,68532
1129099,1290920,217682,1287539
598576,76863,300536,426948
102361,1016461,776278,767760
26926,1202004,424487,1112199
16322,746998,933204,1211824
561816,1101499,467922,725887
933694,797810,655451,740455
927721,883416,1244770,992034
622181,1212417,474219,901924
43013,552098,1337048,536581
389873,909596,1159440,792641
521120,239729,740111,1194811
980039,630183,815243,557732
162301,1031245,1119000,1242660
1325313,967030,178815,1106552
1347212,2538,595806,878392
1313549,198901,874524,909114
812723,676475,670987,876100
878969,833856,792131,457803
545081,225015,550011,689526
423507,1199988,1232550,580725
948223,1016447,152315,939234
1050581,547568,573098,1295153
1153263,213472,1216915,195450
955961,1077714,1060897,587428
240569,160067,1009960,617047
963648,703261,110938,995965
1186672,222687,102846,823402
79033,44251,107645,57112
1136407,678303,1287545,918153
1204472,592101,324103,686845
721090,1238573,941274,301872
561495,568924,700454,760102
1073141,339439,191727,744467
1034180,206727,449961,1030465
1054635,867851,1197829,194223
1220602,1053402,533546,597938
865672,477286,311505,162298
750162,206891,982399,815667
107188,1016459,312402,343317
548152,849656,702090,1164476
206724,552624,779977,128173
517215,604891,575417,306243
515742,528787,1348228,570954
871640,1107416,432927,432203
536820,451982,1298708,597378
1198369,830211,447179,1129111
865257,1113363,155785,595686
1332169,1327168,1210893,1006107
976264,468279,1030676,361290
358070,797189,235792,869649
421069,931109,105117,963369
482531,1040723,452280,936513
1128268,368445,218494,1252287
198216,1340148,964903,161053
440397,110125,346334,805567
208100,918029,176573,1113197
1255675,552785,16905,130390
117959,686548,375238,459930
1135278,319885,1302430,809276
1235215,139760,263857,1240399
1181020,162310,996855,98726
734034,318877,1004861,738933
1016689,340925,192608,1013706
259555,130995,518015,597519
103147,609001,928366,558279
389044,274460,1348262,298373
369728,536988,582710,168169
38769,1278407,973271,971404
1119282,47898,1175709,1050851
194705,192795,896348,987116
932989,575210,1051795,77101
553274,719185,982653,1100198
1040984,991292,940931,192815
376640,430202,1082820,1334922
202469,1009792,331257,712307
741349,547944,758324,94826
1348231,436112,537606,593362
787692,1130316,740125,962877
1003839,799573,345563,1313055
384204,701941,192610,1022372
908960,798291,1320319,263074
1025185,421068,1285487,1309289
145032,828285,870057,1046475
980260,1348594,277057,298357
545013,419219,1292117,1042658
467761,791222,227876,697850
1073139,910606,1113686,818111
604896,779987,1312224,159349
482749,126567,898215,568750
107194,693859,576467,1048924
545345,577304,489214,38661
511718,13181,1012201,68963
284172,1131450,452238,823173
493967,192928,1347711,1238507
609460,1057117,1252206,681180
999033,1330133,1347793,87018
511882,909933,274243,156202
1281806,805461,717792,880679
552434,1211048,258637,800886
1348477,1172067,500254,234402
213849,1044681,1247363,1164721
1113723,450842,787689,195240
976416,1308423,535504,1348881
1017210,142361,29056,991601
1202774,752345,597368,545043
1034415,263283,987227,580663
299014,1181106,359111,933732
1171468,1026790,373428,804393
641752,1034430,1238663,1348887
245893,429605,142814,718836
324171,1009984,732974,9341
1348582,823238,1131134,1333573
591721,1017222,918599,649903
161995,587479,590782,470796
115075,562030,539643,452107
368032,1102887,1231415,616228
810807,699682,531946,1221016
783000,306347,347917,797097
573371,998333,831061,110078
1154097,884043,1175713,578204
616340,413311,131805,1088300
1269268,591763,1029648,583977
454194,746683,716598,474614
1348786,536133,1235626,950009
1000129,162541,939083,684112
197076,491051,1191862,1169519
533239,542903,595867,467851
853210,940954,775044,1165167
965079,815245,1158860,1226429
1007301,1061203,1173659,941924
510121,571009,371148,259631
568078,648430,949953,788775
848039,859471,1034196,823372
487217,1808,949989,964901
898435,580544,594990,1198331
545163,429695,1191840,990570
750106,503784,545783,848588
811161,70405,429468,1308127
552579,84429,108180,1181191
742138,64203,767018,1218952
846475,891813,128082,1016437
123915,569432,1030789,144842
1135027,1339615,96237,544828
1093534,276466,891897,564104
1076649,1238433,567013,145448
1165081,1345064,533235,1179748
617653,16324,744248,694207
1287306,237561,1076826,777601
684874,1082857,1340134,524182
374145,759910,1308117,960125
1190702,1238257,1118990,1214336
1348258,597516,792977,945496
1321813,7517,14126,450795
41540,1171896,950725,1137594
1251477,1010114,796717,595808
1113222,927090,716712,492583
1039703,298776,969663,59072
561211,874684,486735,840859
1002969,1088145,463325,952552
45532,1017167,1056943,1184584
1058358,199577,997082,554643
259575,147696,900127,1240357
1015600,231842,527484,38772
1008428,1348205,169408,526617
1047691,1260352,1348418,173780
245509,1348704,3754,987420
714372,402169,1185996,1012205
676478,1159989,1207087,758336
453609,1348618,964191,38300
1240539,597420,533266,681779
469396,401374,818792,760180
1180585,681847,1284326,1124097
1081166,960903,811168,1015418
616282,67523,607547,1310396
103322,970816,1250686,740642
816628,563126,692334,1248239
840860,545368,798505,1348235
506719,433938,502693,741709
1342630,684104,569980,941104
1032383,266247,223145,1179506
1174649,1221991,175047,102022
1212905,276851,570981,233027
1134530,1109114,127818,517982
818572,618350,106697,676335
1288929,1151468,785774,745222
170029,1272047,529869,1222961
956306,534509,427015,729065
974335,1176525,782976,958850
599510,920027,990351,1026813
1061248,558522,677888,537951
1125220,1168351,460667,1348493
74071,851711,305166,1130955
1239888,96102,1277123,1347443
481263,640623,283834,37375
907732,176663,871188,684111
288466,1246194,1323453,1180134
947571,1285422,413187,1347697
1181144,212136,777114,545040
1348313,344251,927389,1248058
893869,1232627,702716,1348492
1181023,323757,786164,592141
965064,1126971,938047,693719
179777,1315278,114554,1002940
48314,365288,984531,496717
938061,822035,212697,521389
1050430,964210,800879,574090
400674,676482,1328059,3400
1348268,1181046,161651,1348728
1348291,189460,29051,1292111
1153398,693762,986280,817046
582449,647536,777112,1348866
141464,692742,855067,1313025
1317676,1134906,604624,323434
1334478,1270861,848663,42624
430015,1149742,429831,875028
990254,415028,1118800,740377
788855,300265,1112954,511988
843554,107427,1313049,567511
691977,374232,1071956,946231
342529,1044021,43072,154336
188123,748667,570978,748557
1119084,604164,616649,1036502
1031247,501661,550565,608110
274548,480481,107457,199576
107437,1071937,1247928,1197821
1241194,1023755,769632,693729
421067,616354,301021,429791
996862,189343,423142,1200948
592134,1183466,548150,1179430
869936,15097,56016,1293490
1099552,116744,1137289,1044165
219544,78224,908923,486736
548183,902928,1317473,1153783
63602,703875,616338,12824
345159,1323061,380357,380136
430377,1203088,163240,976411
531026,819735,561712,863498
988433,784841,788044,627326
1039705,720005,1348576,1217387
845500,1029988,926682,845555
938699,777520,597144,1020821
448950,692427,401515,736645
563317,100630,580553,245901
1167372,676487,444340,742624
560748,1304607,1009532,518070
837910,1299490,616239,1302395
32240,958040,733621,1128342
1013875,570890,434711,420968
1315053,344198,908924,595818
707627,833797,1212425,114556
298080,7510,1347822,950003
1053803,1348877,195014,1347554
1263378,1125450,1139350,488306
1285558,383237,1127876,687464
1111503,819015,797282,1148191
152243,1100569,1004813,1072086
1245564,1015379,988437,105112
606247,204020,771231,575532
311292,501529,675432,374870
949978,1303601,1231455,671741
452753,209030,763818,280439
889984,56391,776959,867241
1077630,1090480,765175,467923
1058325,764879,896185,1348204
684535,771415,298973,430580
533124,505243,947575,574219
442749,730850,1243123,189363
1348544,923609,163211,326411
684099,57428,856086,1100171
949918,589536,1348606,982859
518373,979539,1070534,681422
192067,1221946,365015,982030
616251,592092,1161441,344714
1111758,962754,1220671,982045
777025,1238577,1131023,1016484
433587,1112958,597496,168039
313870,1320396,701562,501577
382005,746424,1348906,546686
304306,1285484,684184,898447
893372,193754,1326926,1232743
142905,889525,45990,1043879
982765,1256334,43064,1029029
213147,1016501,994955,715243
419184,1075301,1347772,496454
627238,1212502,802642,582575
415286,487000,976694,1203146
429984,217473,42565,452794
888625,918103,1777,14534
31672,174888,576237,61002
415051,371325,1166591,1174593
1017914,1343825,165380,207019
195954,694670,918598,1235891
1137259,920345,1232637,1229461
38649,591637,707401,896191
594823,496445,1285515,1087739
451765,558310,1112497,142748
1062570,428811,470222,1094047
1054678,585713,503944,716123
326252,246066,1200924,800885
1016329,234395,737206,676337
843488,980119,1239465,50222
1112953,676377,684502,1348202
561501,21042,665544,475171
904743,1299892,908909,387989
1239347,736955,445937,783009
702883,888709,518407,1034361
686840,879866,86472,1348203
302616,245896,1049463,429735
13633,1317452,848219,112975
297530,1347742,192687,421058
882263,908910,365121,322952
191792,865463,547966,1348225
1211968,1042659,229064,116668
1058299,1013965,547109,55957
548350,593857,545629,420294
1057092,313757,982938,930816
1075372,1348773,1100199,57294
518358,686304,1181054,174258
984864,586583,534971,1348774
492896,795327,725537,1320220
47562,410570,640453,489084
1263806,91851,1243288,318665
1074288,1213897,1027601,732470
585252,510867,1322346,875953
1100699,1208731,995471,107460
194229,1348476,581693,816313
306625,519214,956464,1076459
181258,1186056,1119671,267397
563307,823383,1348873,845041
1219068,1283118,430248,223762
703817,212194,779981,797323
768255,876010,145004,550125
813222,673362,227210,1242469
73910,742090,744457,1282269
333603,503365,87052,817521
198905,1344872,341183,167071
892584,6935,1348673,1348468
616248,1061207,132158,676474
1061435,346123,947583,415088
453278,913835,161135,980914
1150364,1324674,1260362,1012492
376639,218411,116156,1161273
206794,415191,868779,1119009
547547,191960,496378,971971
1032199,183853,1097017,404069
1182026,466086,1061640,51278
46593,1176547,1275462,1347686
736597,1094519,485764,918090
1100014,472919,305513,1214034
518532,1032592,1348233,1298709
1028824,583631,957098,893399
1347716,448951,547565,918146
1200015,1238584,841648,806634
1170667,1348807,1348482,503727
1054044,20518,1181313,929055
370290,994941,153368,824769
433406,273265,416269,585963
689388,1133540,940361,1217720
379843,690756,918311,493546
695468,599508,1131027,1171497
1259580,161947,602635,449826
821835,1150236,563064,684130
551043,538503,597527,956337
63470,486300,1348717,563347
583234,554690,16499,489091
67732,1212355,476751,767064
713455,907771,670218,1124085
96247,1135350,38594,1202172
1171929,957411,558467,180563
486233,689865,101024,1020811
969571,893563,1346572,979461
1171835,1295146,843654,917008
259990,938062,590537,341779
791396,702080,531287,341991
421056,808728,902867,684920
208155,862392,465938,608132
928902,734533,76650,13611
375173,161571,87078,1243030
370289,318284,41645,881496
1180269,224377,956324,836590
1156256,429743,1321093,1030828
545101,329918,1074471,748397
800151,918079,818215,889815
392062,184373,881486,1232660
823391,312208,790601,970885
717061,1193605,595684,1294786
1215918,1011833,1228563,692723
142736,741191,744396,1186390
753921,686070,449647,1313024
522638,811108,649891,908340
894361,198921,722373,89331
597354,848481,1231409,827668
684101,1181025,1252213,573290
582548,551909,523988,471791
1278918,769712,777563,1335322
41449,45473,986676,884717
192753,1005430,74641,75562
1030687,1119019,1148238,1185251
422748,798412,1258851,758363
547714,822708,1218266,1237768
467925,32121,1317472,1180520
1054282,571948,578049,1082581
314446,1340864,594093,452067
823178,484908,529863,600150
532914,909659,607403,1232058
992714,1292890,1086303,1221081
722227,276976,1020171,811169
595618,1136498,987410,84589
935204,473371,452443,291953
735397,982638,274518,994592
1202734,146966,695897,267409
738062,1348244,448953,1030320
1348541,709123,149009,535495
1181142,787725,956341,517988
355355,1009302,920564,191910
100509,218300,865642,1336490
200867,681184,510200,885364
721094,502943,554700,1215710
450995,26810,312563,423303
1206814,427443,915711,723259
132081,837100,777351,831899
1237885,595359,527483,1009883
516449,592897,1301094,1248180
865651,591783,1213742,684122
910828,13858,1210300,822985
1348672,1181019,614099,197932
1181100,1052589,494123,616285
1193515,686555,743946,355766
130065,298062,752460,509059
676374,1302400,984436,589325
190909,1183913,1016581,763475
1265120,448970,622257,80023
862977,597727,994458,985539
320471,974131,1057118,1232745
1053341,496407,1348208,931070
128436,375955,993078,266845
987739,1288614,552996,980250
571322,789316,956559,975068
1346464,1333130,664961,986429
965148,84137,278921,1254603
1233228,927649,982047,283067
342064,1153107,96112,41433
207150,1245731,371149,304689
353114,1016893,832723,608314
1348761,626685,145268,646899
468938,1348276,1318927,1317480
783002,545630,352529,221410
255070,885897,306428,1348803
865091,210792,958036,994460
1156181,1225596,41536,1097857
1142136,547552,818220,747755
92077,1150940,571420,361015
1163453,243683,1194691,1308414
586572,94003,1348802,109500
956338,1103004,703091,147878
415055,205172,1041345,261147
622265,1013372,992090,597147
1148419,571943,1009859,1316026
1046061,780595,1186097,558296
258173,566767,308878,1054556
1248047,245324,883260,1181055
545099,1346534,973972,161103
994954,1308122,1345362,1150350
684121,59554,950109,1342265
263038,1183266,191933,597505
1341802,575260,786850,1061330
587321,197057,1164204,53866
782992,758325,289197,278663
368415,690554,986278,574698
1101654,737548,1039044,41175
1348572,844888,1073145,1337980
809737,94830,28373,743654
1001987,816312,940873,156611
996209,851479,459892,1223605
1347704,1347667,752467,579647
1133986,1197927,1174446,698660
973890,742273,55949,1039696
1197660,996600,918582,368440
738972,1336253,195272,552334
788425,1179520,776243,550519
860418,875763,1247460,436772
1256298,177505,1049773,554415
1158049,306295,1348724,193657
761555,909152,703085,598255
1245087,530757,791927,1003833
178794,764320,974159,965912
379854,1211360,690522,977815
421791,783010,1136566,811866
558476,1348762,435087,1348245
348171,354688,1347546,1209151
481533,422580,1008939,866155
475143,468288,709649,215786
713921,685571,138906,1017513
560682,176043,536725,191588
1183107,1003838,583481,455026
1193489,426929,1345744,430581
649886,267391,368418,194725
1335370,1161282,545389,561387
424308,741106,969038,215425
805996,542359,266632,568101
1192165,312256,1140635,1091271
1050861,548344,992075,1064460
1295155,822077,697808,1019541
99346,775824,990863,775959
553201,143705,1128347,893365
676366,1128428,156628,274217
964172,193642,174866,273270
1187675,413272,1035950,1061317
713012,820873,1130042,48373
580280,1232813,1039704,394356
1289938,1249719,52795,234846
940193,548981,852824,1201751
952196,1249757,1339273,55516
597708,581815,604893,506127
1078670,165035,536824,456246
215418,810217,604616,684533
49276,113680,1053924,1157799
1246511,608485,686985,1274126
758333,14876,1319496,1130514
715260,1119015,1240753,648570
1037212,1030666,197680,503903
1071731,120806,49883,1271362
94068,777024,62166,949939
57333,320424,1235644,573359
1178896,591272,733806,1129102
162543,733530,366723,990582
1218787,975416,539818,994990
537743,937560,986848,833803
980448,754070,1181129,1348581
277457,1053796,545008,684102
191905,958068,466151,940795
1212415,203740,1147355,769143
941017,446849,163237,994457
994453,1203596,1016464,806525
797178,433830,1013786,293909
680205,592140,1159827,696492
773155,548009,856049,787728
282558,856085,161635,770409
823002,823388,824971,869322
377540,866046,1129252,679059
911668,420961,798405,415041
1348487,771979,1130925,861011
879975,147274,1159888,1150204
550587,352822,264491,852653
1012290,1184597,100467,223723
1217737,512477,1016587,1085135
1200445,880923,888099,907757
13052,251110,565902,166649
512492,50230,980418,191363
1143656,586869,517369,788053
1275478,304869,545624,928423
752466,1001328,847770,416270
283932,746961,354698,305326
550207,1101672,1348592,788331
1026871,823295,124616,794464
54344,950047,827696,684183
583251,1252146,1012254,39323
120946,1179753,588790,164990
1260109,1006475,1348448,1247941
807001,888637,1159892,1216289
193267,1175738,1011661,1172199
42592,48741,1221021,893403
792614,542920,670178,1018235
63674,1233320,73148,974308
595634,1322925,27446,999078
332421,844205,584460,265935
1177853,588659,563286,598257
1267896,758323,1241181,452477
778601,412764,1232594,161631
546983,571646,251445,1347788
194855,376730,317601,195934
193885,1248060,618719,932227
161099,527824,1158731,78780
93420,1340129,371644,489333
697468,1025194,463567,936089
616257,856332,1201750,1162927
524382,956297,1223225,913152
1308119,1070225,936512,1347744
548971,1166475,817535,128628
467285,569440,1330248,1219166
1348841,93334,702864,7045
1348754,304055,165483,1171799
821165,474678,1085136,518372
743608,213823,208925,1172373
742685,560784,812515,597594
45771,980489,796451,828948
809728,1263826,815197,3218
820408,1175708,537015,162839
1348624,558301,1129675,855785
113776,456877,297354,781480
1283854,977282,584120,1044281
1317465,616355,167059,896309
843660,1170949,475054,1315350
1348792,583159,647342,1159134
1119661,741181,591594,981554
996869,857104,742184,263254
778321,696437,242977,1061441
696443,242065,1148003,798514
68570,607320,550457,918238
1299063,1232574,297454,57342
561222,1099542,275625,374024
481540,248913,1020817,702876
692016,702713,956586,797181
1112945,477748,4230,1348506
940917,514979,684529,477047
389764,1277074,606121,804138
1347801,1279932,191835,452236
447127,1073326,816119,960528
1077053,496418,995694,736658
323601,575100,427161,611362
583971,677132,1252990,320835
1130704,1093531,1085030,619473
791423,1054999,938881,910777
1082131,868771,1347715,798145
1103038,1076470,794477,1031627
346325,251387,1182139,616283
738472,417825,235503,596647
307014,45214,812509,475926
573373,197679,216080,976469
1105510,969380,1046096,458042
1343076,1055148,475238,1181979
1347211,1285504,560825,457800
59697,174459,546795,1206780
476311,662820,808703,702065
676355,299363,1291843,929635
744257,507085,46792,777396
1181168,1183183,517980,685615
474665,1348254,777026,325137
1164201,191761,412819,432044
1096430,246958,797762,1320399
446755,716329,852568,1003807
919721,1136449,782961,399343
899708,496224,1267341,306232
847723,583151,1189167,481251
128225,716372,552580,97404
831740,985831,877400,545042
545001,415626,181294,111067
563067,1076812,1108567,548299
475249,1285481,541422,1125613
213945,82233,148837,1185379
780988,982025,469830,827675
1271575,1348658,1232873,798139
429776,1232817,1273354,820424
1077821,845049,1173003,572009
676464,785740,116165,1122011
189349,284129,1186012,928680
496382,132490,837138,1000973
547626,1104117,343765,435209
7646,508198,949967,973771
1106451,586144,1311973,548159
324347,1295639,1318945,1315301
704711,545237,955068,719121
1303187,1071194,205176,814745
1093506,428479,1176477,233239
1075381,738952,1091504,989002
1260113,419665,1034183,1076301
425288,1280830,370879,389042
261148,947573,801704,886423
717390,1128349,1228883,572373
181163,831243,1342489,423821
1239157,920373,1157834,1017246
1296188,1049770,861424,375426
1061525,1053852,982040,818949
1346574,615560,326253,523167
794757,86211,830041,298932
422863,570813,275874,590643
503910,1206927,1150362,587847
138207,812547,293907,298317
598577,898606,997084,1113717
566096,552573,1305438,1348627
503123,1347812,196522,991003
595048,1175739,1348865,571421
565602,1061263,684889,142598
76285,1077746,1057325,1323837
1000630,376983,918562,14542
945552,1348241,564361,1003813
1088128,192827,782958,771250
692716,338014,820879,154936
923261,843382,147620,345041
499403,120706,1330913,808679
1147879,1016523,1105030,1245563
182052,1221027,1251796,1299716
560524,576480,852570,1437
848341,197562,120945,1181103
576271,616335,1009091,998662
563073,1158239,586384,802992
945393,888666,1348755,1133544
1175326,1162151,435154,143371
998537,123157,261848,1255613
914286,827109,1123202,561593
206950,1124436,558900,762609
317594,569454,992994,13499
957888,105109,540707,572020
794315,1058352,1134079,1018984
980461,1104113,1164737,855191
87698,322701,721291,907967
930808,676362,1016429,1013471
1029646,1175510,307586,206748
384852,701956,194359,910855
1000622,561264,626864,794264
1180770,12827,828234,533600
67535,1204372,339725,546837
808618,731004,590542,454494
863477,1177216,957626,689274
518361,383107,738512,105713
1150230,788000,479342,1242399
1232665,143280,355357,990747
468222,884722,346296,929688
597421,841216,527846,796284
149298,908332,649430,597344
452410,163877,1170670,7363
899844,324522,1345137,102369
931078,565559,548128,123310
494197,736881,492429,865816
806543,1032352,751691,1162143
1271666,570994,86545,326474
1348895,940036,528127,975423
1348481,840842,975882,570883
466284,896369,1194484,365368
798404,1016473,1074241,1291847
191793,968846,818232,793581
552911,995558,1017063,1135348
558474,1277712,1254669,346127
454490,1198346,1238508,752137
770186,718141,1028700,1348303
223002,345188,54404,11305
912928,1122310,970074,794971
709329,547704,565598,1203920
168029,217721,206969,1171956
1047957,968488,1008735,100714
970416,1119761,270757,831109
1038980,848652,38650,242069
363157,971819,999910,1270732
794132,881030,832069,278227
459238,863124,742107,28012
823301,1128665,49532,797176
1201474,341082,419182,146753
778682,1213896,732524,1319025
857439,1101671,722601,1027100
316034,580958,885165,531905
61968,1131025,492802,315511
160107,1240886,1011906,597514
877582,143405,1155389,59555
1348446,827439,324480,116171
368585,933269,298682,1070229
1162098,884686,749657,457510
113652,649596,160791,574032
1033564,262812,908940,851548
558282,1314670,147486,158831
1305936,1194610,1232579,969213
180081,1164200,582881,206601
11754,454214,267389,788042
1215687,568846,1285505,956309
918151,558521,995403,7845
1211735,886068,505652,1223610
100711,132371,508269,1232833
781875,1075923,808316,1701
597524,1346283,1258112,805811
1338743,220904,161644,782972
1035292,1123291,1088602,910909
205956,1085142,1087919,1148154
855481,676465,700765,74064
190992,1346530,115063,448912
459474,1124109,879958,1260253
576736,823208,26779,788720
550052,562070,422501,783008
191569,526331,369731,741182
985538,468668,293050,913173
692342,1135361,1073919,1180634
1116303,578019,965262,1138355
558774,1242691,465893,816558
754339,270432,566833,985597
970452,810812,546815,373985
479421,469868,159304,694621
42504,595049,320390,787958
225769,1348655,998554,458517
571056,530327,1161972,1183257
798401,1024326,373984,152967
571653,910697,681354,1128482
531955,689277,1221015,820428
800881,771219,422650,187241
918507,1270629,240754,278374
1100258,895037,217472,570947
571318,416265,769685,1118642
1327998,1215579,1162930,1021775
861403,1210885,856095,11220
85593,52800,819038,552513
101027,682443,1192720,1318860
1175894,526156,1314792,1161712
1044293,429849,726045,739975
416922,124210,700194,972000
1175916,1031033,358377,78776
1345833,1274402,655308,561796
1216078,866672,594790,771255
966551,1129091,1206059,820894
1240605,1287428,719001,798413
862391,952178,1297834,964308
1348657,1180609,359069,190595
1042373,1336064,563245,1329504
678434,300393,782424,27127
270204,709368,547318,182260
245487,1092392,1241007,1100502
1009560,526521,775930,754073
1348216,1075602,447106,547357
1348256,1175679,41287,236520
1118995,363182,723385,403943
697807,379601,990581,1178775
1057113,1298643,545192,537006
191821,225724,1260255,430950
1327569,190368,182832,616253
862979,103261,937862,1049465
975434,162281,1133988,1017181
160108,415074,284016,300390
31747,937598,980400,1232898
146148,673468,518933,1270898
1153449,1158346,528064,144787
1061328,887565,856030,597338
521257,948248,1348388,1224380
616210,1233909,686576,245891
145094,684515,1163696,863198
288777,900939,597526,775051
982654,778884,1093535,453107
995255,1253823,1348363,1105028
820064,865102,899977,128863
1181994,977685,1228469,697523
518730,856774,792628,13399
1039039,746651,162296,832137
571470,460648,939170,792033
198847,1179424,237615,38588
2287,1185237,918558,597579
194910,626760,545336,769614
1033291,1206617,967866,490366
806458,1012293,1296441,1308101
333785,1212416,326616,459597
923936,1227,647709,915722
1269142,1348806,1168089,69592
52805,466141,334417,14532
568102,270867,199897,315
843522,885366,1172397,870052
969824,831033,925959,561487
758346,796757,752486,1016490
168259,732901,230412,527919
575061,918329,751584,1159991
291944,699296,874757,363628
919706,453574,1028838,597914
1136688,434052,879627,899712
677978,48742,1128340,168183
788206,1181048,96808,430338
269682,455020,1003849,941055
1019831,1347782,897551,909586
1201473,827433,820874,367918
1348472,1348316,218707,686579
1217975,898445,1161600,1318944
1103034,1169665,181280,180707
909605,494121,165037,182830
361373,225814,788423,1312250
712262,1300360,415042,721733
1301972,848142,861551,954027
1337358,1020825,1000637,1342628
413069,228326,1046200,900947
1348855,536721,1348431,1138035
1348734,63741,947563,472950
16434,994650,329628,626903
975373,1318934,38618,128599
1027163,457798,968891,182449
777561,14518,982155,276689
647700,1259985,114488,569183
1029118,679476,1238529,422860
597639,1113633,485602,370365
550088,126579,68906,248683
1338437,1212429,1348612,1085045
299926,608129,1266002,266372
305736,1137601,1060072,117442
1201049,191589,262895,48316
547664,1128427,578010,536798
1018966,831245,884671,1016492
932587,1049869,780780,1040896
343329,856081,518368,732580
992648,1054232,1261816,86652
1009979,742147,859881,207985
743545,579512,452444,487376
950936,605153,40255,1118360
591591,1016444,1152827,563086
1246385,583552,1252212,78590
209797,749647,865462,1260358
649176,1348387,54320,560608
713414,537774,919136,907733
1061076,73151,1203095,262811
898890,701576,1302306,1238579
64296,784483,985542,716884
1304598,561204,101307,1176770
921524,1081761,560669,168060
384506,908920,198433,726040
856087,448776,1029785,298888
213786,521775,605971,1181024
1247528,213855,956047,1321158
995899,561583,686867,1317461
183733,312981,684925,1042458
327388,86596,145043,190919
1229311,592106,403931,1140923
616352,63544,1096196,1172979
143707,804156,418114,1055097
107969,965280,151887,1270942
1348546,159082,152193,78397
1042657,820904,909500,257775
1209771,608009,344310,820548
365365,941602,1046258,185706
605351,83479,684113,991521
590530,649470,84427,1025301
732569,1248023,676334,608134
844998,724936,561246,1012216
742290,744102,684098,1301907
595360,1179358,191915,1057093
676384,1054237,15166,599171
452793,1308124,530437,42564
560705,1112955,1146445,421784
1030028,1140097,452277,810797
947581,545316,1133290,348215
154024,1202349,1340068,1072690
430596,571141,866352,969274
300836,68447,760909,1278763
592139,1212078,1198370,1348253
191575,1100287,665355,892117
1032422,1313045,1243913,389032
74956,322224,1290090,893339
13695,375679,787931,1348573
521764,570999,333024,1185839
563276,196531,870844,323743
1269469,591795,277455,818231
15239,320848,197538,1069324
1317460,981142,818898,1243912
690546,191945,1034431,1241458
918279,1102860,1293493,473368
404306,1232959,910807,1029212
466761,677897,716413,371923
110252,369722,794243,1042651
568264,286148,360440,856041
856118,986677,1211966,1187145
1180669,972001,318804,604913
1112825,342920,15734,789138
868877,207955,160110,713424
537956,1314185,797186,1150199
1246395,562067,810899,475149
598959,591574,569442,548137
1113741,684100,76716,12819
1347794,1197939,1315237,546428
1302431,756139,36402,686904
307575,1186180,817530,93166
283536,626778,696175,956317
751334,1231413,1348236,753759
937571,329119,361584,532152
915067,1032766,1016969,191924
1283776,192959,681629,995354
553286,185765,560817,1162
1348438,1181169,1304276,1101648
242049,968218,181227,878797
875343,571960,681124,228382
474431,929535,856047,314118
952993,535517,986023,527903
1241464,206659,277788,827688
257244,1179525,1153289,999037
597595,506553,725952,616102
26916,547203,476425,692587
1172818,41550,229065,995943
162551,547579,578415,494298
1130970,681858,1164725,1010429
552521,549243,856121,563294
1069547,730830,815663,1057138
1032017,1016468,586417,937103
75659,1044598,489943,773917
918237,1016623,454499,446720
156052,547746,13053,1285122
1221979,778316,469100,750052
193262,421003,975420,1061764
597725,339234,1119014,199572
1030886,376402,561408,300293
1219059,1040075,819767,684103
271551,1034456,1172374,389885
1206358,818254,345216,1153967
1299163,297479,284347,949605
882352,1238534,1091503,1198228
1321116,496741,1267971,358076
1182510,47242,41569,506742
326419,182833,1203125,40822
1031879,985887,570816,561243
319455,98421,1348605,110720
537964,1333463,552921,428881
972102,732530,590640,685664
147046,798403,598736,856097
597364,1152832,946434,941116
877080,412954,1133498,401473
137882,65038,1329813,521862
741166,63362,1315882,1343619
850167,306194,785088,678602
1307022,1208472,825102,141457
828265,104670,781277,570995
262071,986666,521032,950608
325142,552643,563338,995202
554401,932382,558289,1189920
158876,258431,537016,332909
429785,1348237,1213840,604915
1348813,764326,360339,888290
1320235,1108420,695240,1181044
61177,14651,503797,1137246
1231192,1171934,888092,64691
591725,1065243,1029647,1348756
572659,168882,27046,884701
1217718,848570,952197,63781
860780,2185,1181017,514902
1089660,930818,806733,498505
149927,877635,326962,1119041
845493,229240,789064,1018973
1231412,334367,797809,532327
973137,467702,376724,607311
429804,738938,74480,1248011
701563,545404,297655,548979
806952,343316,831065,737067
949973,709365,261660,1072030
191788,522061,1181053,518639
976415,675505,614791,554507
1302765,684201,219669,879984
42714,352962,518367,919718
1061199,1088605,298027,175325
111267,85992,1142873,1076962
1275516,468641,865090,1109812
1292919,782938,686546,835709
569431,96264,54438,1315689
253642,576466,945810,549255
1098742,78216,1277073,919997
370317,1339375,101148,1314794
1129150,561522,1223198,1186697
744446,1203269,870089,278757
297876,1124239,168058,1202563
747243,580173,1061192,1006618
1212180,1347214,593778,1209154
414237,1030674,965982,897751
1310338,1224587,738721,775946
811172,1123695,1302705,147445
1181045,581882,690677,586718
1131024,81022,128346,193648
796948,608135,283211,412065
801726,1061189,144660,939807
676364,1299701,676466,784949
361322,1316410,817449,1348261
430255,960963,1252863,1142734
815203,714554,193057,937783
745485,320987,1031252,592135
908927,1123946,531537,968856
823273,1200048,320833,546789
1030875,910626,404310,1270940
1016598,918102,346129,536260
819556,536804,1212,1147993
1348763,900415,1330563,1348781
1003846,151039,1093414,1134948
488699,333169,7605,188414
1142662,585257,1181193,477271
818259,587928,278094,1348307
518369,1186671,714899,236280
277576,816621,947162,561482
164003,995185,487657,1240772
1201791,1044009,796932,199110
1009249,587955,679198,994985
297695,1251856,1348417,1001320
922413,570888,521503,1289009
1179269,1232815,1315235,948393
999853,553194,53666,492438
913159,1298046,1232897,423071
982179,1118891,1011744,1143144
470984,1286675,964719,131792
245491,461135,209806,884715
1244103,468930,965069,323193
1260108,680829,1260356,1344055
897941,565597,1348797,736646
902972,263810,238982,133302
452015,987268,147047,1008421
340313,753295,563316,722370
460666,342861,619315,199111
1097977,1155518,758331,288780
270685,54328,310786,550462
474438,275143,225719,1348214
1343074,459267,989408,1348494
1091610,920048,1185723,546658
489085,692722,430532,174711
528063,235763,1058314,523987
741206,299937,91802,963563
992982,469835,259176,561467
1181014,691463,1221665,533075
818412,591729,616256,759044
32237,1348475,1038979,458466
758353,1049781,1016497,454202
1057126,80651,789476,893343
669530,626529,1034185,815657
751258,915635,103252,1288938
2325,1348764,574716,590541
19841,463554,720592,1067799
429297,956521,767830,821831
391358,739867,801857,347163
1311670,182061,884688,1174460
245517,1039184,149468,571453
68210,1347803,161095,521399
847732,532329,970411,766661
316461,839927,832116,555315
145476,1016508,692321,430531
761344,891060,449329,577397
265596,704706,164019,898440
47849,501576,955907,521449
329389,197590,145493,597521
581884,38629,377544,369870
863112,1122946,527125,193369
1155125,1186540,334548,1028842
236784,1272067,854077,998649
782959,1305952,360429,868840
1274115,69946,801262,1274131
287637,782996,770203,604895
627036,649207,778522,892106
324123,1317470,933221,992270
165211,161068,1111051,1159155
1169855,1348821,1016432,1061267
698668,590056,902586,1289026
1155117,320826,1151811,1238273
1009850,351103,1032669,580659
1128202,148981,548340,964345
1119130,1005107,1022652,485951
817600,61475,537018,1250069
526644,87708,373420,1043813
1113838,452627,700411,832142
783250,166889,575576,1315290
1162517,582813,577837,1021596
1054233,133325,263701,1106462
1045098,1348433,1030469,477288
618217,1005437,346103,54330
616249,1319754,696452,359387
692828,886327,682687,283796
689967,1108295,219313,126195
738964,1217888,1323461,198913
1276910,516146,1033562,810432
370309,838552,1130853,412784
1031031,966573,713215,604892
1009288,582876,572012,918516
974087,991580,54318,119231
823385,820417,1119029,306079
367916,827676,1000089,1030473
1127467,346198,430240,187164
940902,541132,1183862,1029886
909140,84890,647697,789982
1348405,813713,56420,797704
259624,1348575,1150243,1029882
1308428,430691,1136629,64201
582837,365233,615570,831055
1053788,1126019,293955,911068
1348441,692854,817039,447786
165059,1250077,394354,372266
259577,517986,1061070,82399
400863,969836,367940,404043
115893,373419,598973,1017190
721015,276451,142353,686817
1323066,1346095,474462,808570
591738,1119043,78270,1066859
1300409,195403,39011,68827
545216,769671,337786,614322
1238799,1293610,38658,844224
1180695,606093,956339,823361
1211128,215193,771985,997102
1337963,792566,1348252,1043985
598463,489980,1348893,700446
558497,861001,1025146,321412
975313,982409,744431,1280854
448378,227372,707414,805697
1301977,74881,616302,749597
1049622,595816,794641,206889
732611,822801,1248882,467793
542954,983763,265203,561203
365670,754079,582887,1252208
787695,1215188,1093619,1011693
706166,736657,512226,1041017
219689,969269,747655,479338
76463,1348207,957415,830813
815665,575568,79401,969199
123241,527489,451353,389043
908354,270650,1348823,459726
1232753,1217824,1197846,697061
915549,1202564,598956,190317
1106330,262838,1150374,818583
807595,561493,561496,322772
744537,1289839,561503,779706
1178637,854846,918147,758372
948252,1137253,1172063,374021
1225444,1337053,116735,194600
1150211,1034184,317532,306081
440394,797799,160934,1032429
78248,526687,161646,545538
813122,853025,1232140,875133
1328005,14256,1348458,1016688
918152,1176563,476513,590273
1256285,1019880,930820,1348311
335163,988441,859578,1172068
237090,593789,1348693,749676
299527,216918,1077664,496319
63978,136312,1034440,1348845
761981,1255394,676469,1224801
457741,702715,1240210,1287512
1247922,461260,176553,742635
95221,1155619,467665,868729
1195001,913151,533036,401290
1201295,537313,165036,1004166
856151,1277005,1348436,303893
1227889,1012257,1016627,1260956
582296,261138,1239199,1077651
261359,664582,454502,1113832
262534,1228881,43499,597499
823371,1302152,960762,1030134
159477,1303387,794338,1345816
199021,13717,449967,563041
1265701,1347771,739283,663562
1112938,156112,599379,27043
1218570,344658,1045619,191777
430534,1168674,479048,685940
1189239,877421,942192,938904
856088,1232867,199097,1029883
970436,53861,973386,560628
206854,1250425,1322677,1267339
163341,712367,918111,29519
767840,478224,784515,422755
969215,901220,679183,406730
196542,545168,1348685,440872
1161686,253603,420986,832791
744984,1185275,1080442,1046248
54002,612,487072,1251149
839814,460669,814005,1039700
68475,1242144,1232613,832091
1321031,304606,690197,706773
1310222,254840,435254,14591
548194,910839,786854,565601
830051,798520,1180564,517380
820882,1019726,1080021,1141658
479948,467269,811141,130300
526680,480834,185703,526489
50967,367133,572112,567641
1138914,1061641,1348642,1246223
270678,1162519,1181983,298192
1148039,1245721,514053,1289015
948247,1348552,536910,1232604
604660,1141768,939361,370379
1344418,1313048,848329,1073190
342640,147657,181891,74550
1054819,813118,752266,486189
931270,724927,560626,590533
1151419,234894,50541,1218676
1252847,1258111,665453,53966
1170954,1303142,787348,823381
1347806,1030514,1009516,789368
128344,375959,1055703,225721
433941,957932,950961,229434
320827,734094,169401,660704
1325279,969031,1058304,330005
1200983,1190069,1129229,123637
725910,1129225,1223251,1313044
298577,703283,746939,452242
228933,676356,191758,448900
1232886,1021275,604554,421891
713201,965261,792985,291782
527939,1044945,142359,590532
739156,1318932,1275191,372820
1348234,901229,431472,503133
1292933,579094,819795,955420
48715,1247521,1212320,1053811
279444,801045,686879,1073095
121179,934281,1074474,521758
583290,927019,313769,561594
516871,1069188,769691,218502
130304,1247527,402668,1016301
126877,1128368,597489,505681
373963,940022,6538,595837
1009695,961618,1126742,1140921
864781,737578,968469,531951
1032421,434055,1205829,882816
817435,259259,168918,722954
206739,96236,986886,371424
375949,1029616,354675,578141
1348656,883240,1009820,1287532
1012204,810918,925951,327093
521760,1206799,1259606,1078136
1030755,1221375,726071,989148
229535,355003,503715,1017510
1006899,1348897,1076707,1069534
1262219,67681,545646,257774
321971,103898,189811,1123121
320844,1080658,855634,966786
107608,597877,1244214,994982
616247,554682,1201642,533116
1090743,922293,365225,548161
893345,363159,316744,110416
1347713,619142,548126,1199993
17158,1325516,47023,994981
1233179,1011700,584343,1034462
794476,1037989,1169076,901105
989337,1024346,421055,565458
245480,1203098,956329,569427
1290274,298850,1160440,561268
96164,225099,741111,842894
560678,1068947,1209160,1046196
1112952,664066,537420,376611
247758,369293,1082051,1291836
1240604,1057115,371343,956291
150170,168185,949987,1199010
189978,164512,1163211,588411
1016582,161234,1153128,1311673
207147,542967,436928,1006889
1037,794631,451978,843935
15049,456440,1312489,1181189
986271,775810,147588,142672
879013,53860,595688,1206019
1348837,1329855,1063759,132794
606274,879862,16682,140388
1347802,945483,1135272,184377
775152,1348525,1008377,789698
983785,474763,516358,415053
935294,1348326,11219,732531
448981,305330,61124,798301
837881,864672,958884,207943
852975,517971,94835,853036
1189313,700420,705806,434736
98908,995835,926988,1213963
70635,566668,563284,1277124
948364,1072769,1034513,546422
353184,1239375,1308123,913144
868105,1194611,920591,1054297
213428,918551,1184955,901239
430529,335037,1011611,1254910
1219167,1030786,997844,812379
827723,1094178,1175218,70066
542937,561258,1231423,990250
742145,733556,909524,187791
527929,1101079,576346,985590
145605,372620,578055,12410
1750,797317,572908,561416
1320147,1189310,94346,1015618
970456,1133294,1137836,885538
834650,742113,618773,228349
806199,389844,223424,1325275
1302832,1019823,1348772,741104
1201759,806981,1138936,1122662
741117,593779,527995,1133919
575346,824549,1114212,242936
1185457,1126741,897284,531902
1348692,1216910,469838,585255
537359,1011825,1247994,467916
545213,820902,61082,872490
1258092,783151,261137,1185552
973685,1348356,702092,96718
1317459,1347706,984381,429801
1090508,870072,27281,1040938
940904,1039868,750964,556294
463556,1324114,950759,1292108
896401,40815,794511,443063
1245104,563032,1164340,1167731
792137,1146852,74537,1348617
1004832,583061,616353,453279
275426,1061318,376015,435181
41444,105325,961877,1136398
1292248,100905,930745,457661
811170,865466,534680,884677
476738,773934,918047,1009933
1016481,888269,168043,318633
746430,841489,568981,490288
918182,1202476,834077,1297693
467747,950945,485121,979147
997832,503122,162421,1164643
1202447,907461,873469,949928
86495,931186,1181531,1119844
548156,793074,1032915,579498
184383,283918,937863,1203097
1166544,1270886,231881,278098
1259515,1321884,1308121,595803
536718,494176,389867,798410
1226115,971770,1013520,1209152
885378,751614,861571,453577
521865,1197869,323202,777039
828931,992481,1101970,980729
318290,976530,1348242,859339
545086,306218,1088146,22612
1259596,872091,1113606,735401
1347811,1249154,844230,1185278
1162516,593959,320275,1162142
761775,531760,986270,1050571
930607,61093,1348486,142809
458059,1238312,111142,1028048
1240181,1003815,867017,1056763
1135277,818842,825859,771962
12836,832131,1166308,515747
776089,1016592,1016590,614101
950019,145122,1031246,255229
1137615,679475,1348455,277453
1162249,529865,1231414,67454
1166309,460358,368950,278103
325146,722653,516286,1101983
446669,702696,571637,180073
1174566,1153242,1197881,1058343
1348324,242057,325132,715037
1061249,569331,562026,1009265
547983,982703,909144,819947
1166779,355216,1164220,219138
970412,571378,609455,568690
1031030,1067397,217947,536790
194298,159480,1153830,662950
322788,1112287,1028835,565615
120499,784762,940383,401424
855427,1103032,587996,1174459
365122,998559,377536,817453
312151,554641,1348788,206843
726075,1104723,175696,560792
860786,83097,809204,1056209
779142,719303,953094,183568
113669,985601,1162523,595425
794119,1249765,1183251,1098739
676479,1270627,87383,919850
192606,909330,1348474,550568
181819,1246951,1217516,1058727
1147882,270964,1103174,1274120
1212839,1087053,225672,55515
956881,608145,358071,918511
576477,1037766,903382,863483
1031472,819544,314327,593799
455005,598848,1041,609454
547198,47355,75663,819776
1256025,145006,764506,192234
1178169,12349,812968,744107
818235,1348753,1169917,547634
308800,106278,1014184,819938
841222,1100648,428579,132555
801701,307578,1346271,264189
785159,941048,650113,817514
819789,968858,474086,371558
777032,591759,1171730,1348265
567492,964291,577979,1308422
1025564,688097,1317462,45806
983437,923919,377812,955529
1088490,1031027,864771,316062
971244,584233,156339,257228
1162150,1172040,840861,1012256
843679,276452,527998,1183900
561462,879647,1338704,1348735
945303,608955,1215825,747904
330564,1008079,820226,975417
974111,469985,197560,1073155
799604,511579,430544,1221879
344481,529867,477255,377201
987066,964193,1037590,276257
548265,406727,563081,1206643
45809,977161,1070009,161058
474917,746994,1215356,1252247
1224602,861085,189361,1639
1240811,258106,130732,539821
345410,916319,389037,85477
774085,1348846,996865,1103325
189570,571713,1258051,1112469
12680,1016494,1248017,599196
449957,868732,447154,972086
696462,680120,1246567,1181920
38624,1088380,949566,1123653
482718,865443,747263,1015614
594672,562658,1181190,370284
485598,1318381,486075,560729
1054045,1240602,1327051,164500
1142638,1174366,238838,466955
684108,1333549,649353,1348443
581735,1232098,968842,648517
1024742,146149,159014,1347746
680841,818252,1072975,1333524
792177,527947,1347756,449170
1165544,257458,255149,833657
100640,191778,1302335,789024
1113364,447766,746940,181485
784593,108600,218990,267023
228145,686873,568140,577071
1348787,1022326,473564,741133
1004347,788872,1069768,810806
831374,161633,1321091,205197
539661,595380,476885,576833
267,469008,828427,558887
1216917,963664,149623,563084
1348466,789379,1024527,523999
1030872,194206,269656,1142176
781276,887047,533246,888338
430238,1348726,944,818253
68798,1348822,1204239,1232778
242053,574377,432371,850607
1130715,1117001,370458,1283813
1132779,574039,928410,49892
1212570,575256,665447,575238
977976,641267,323284,971141
427455,130501,818278,736921
550577,1133586,101013,833306
137918,909603,1016388,594034
1348456,714585,1112932,1232664
1171959,779972,513636,1249761
194234,1119035,996084,1212501
141467,194697,777033,937842
42149,861433,643078,1131020
12826,351321,433937,12930
161059,96608,1347688,561804
270969,831250,908347,981905
347545,179632,214986,1348445
147663,885697,1240606,475252
1017125,829758,940914,1111480
936640,909320,749655,2296
816774,554222,595863,1285258
877041,875012,980444,1174613
548129,580183,114542,318301
306016,161140,488106,446982
677909,988330,1172207,663461
1186087,1237677,732560,199100
938038,580953,1248052,1342450
463042,193252,1089754,1006887
129094,1217721,1011602,749609
15191,547699,1125771,1308027
1185852,191818,918193,318395
938701,70167,1040650,571970
607650,476745,1119641,266665
607605,607406,1236118,894462
1129242,848653,1061259,1009919
331258,764844,1186436,1177858
1154313,585276,641289,377239
583920,741115,918130,64195
467291,1137599,270637,1264355
475806,856773,1124084,763231
865442,607608,127662,191192
860797,751781,799486,1345017
848660,874987,713423,561484
1348508,63809,922038,481045
982184,848687,1252203,1077631
604619,511995,486732,142444
463337,1004952,2513,677882
583478,636808,424497,575752
1239210,649357,574000,469836
476755,1239996,1302291,369292
236878,561916,177046,1106595
1030463,676352,1128365,65399
316069,156460,256114,799575
735418,718501,453834,920558
1186009,432070,1016593,228162
1342636,67467,430346,599334
648439,142360,84674,96239
176121,898894,690329,684232
1130707,741128,835943,767113
545239,227368,521260,737857
1147733,320547,711401,597617
919143,1010255,1323656,304238
449172,1322954,1012305,675787
1097956,839936,560512,968490
1122553,477088,1085137,1232663
429621,1217889,545156,467664
609458,1193674,662946,46649
451272,758423,787975,1347675
1276905,1269468,512912,937101
854371,167568,597380,473211
815225,519131,446642,146211
877633,920352,817455,742265
1016433,128430,520975,1687
554010,98728,969495,797803
1133066,1182892,648310,429559
1254694,1285497,550083,587988
1126205,306088,526720,17495
729051,1299741,61297,270277
185579,293897,811175,341
1065244,1181192,815223,1295906
372009,987393,452625,994464
1012185,1305442,563287,618653
175684,523976,1057116,453580
1158112,232895,227857,1348496
969951,365226,313796,1238449
1302340,91991,452063,688074
214173,821698,1348663,358407
114536,805983,977537,797941
1161093,1099561,190814,1085025
781509,190906,1133115,322405
1038988,864686,1334499,837634
1164019,239739,554646,788580
486622,277739,1054236,893386
496677,1177224,813769,595675
1347737,401330,329175,2295
495792,362290,562661,788424
947564,157006,672022,958037
685719,825110,619376,6262
794535,191692,13729,375971
211939,855978,17436,594791
279108,1012313,282768,1118872
1105024,1077557,1342637,452050
1304224,456259,1348272,1075898
855204,626772,799614,429847
430201,702714,528060,1140926
1248067,1147814,84684,1246474
147690,166368,915688,1348653
1180203,276790,143713,752469
308530,614587,527473,536986
7226,835937,984483,402457
1244088,31768,345393,389029
219920,468931,597621,304997
844854,809351,1185959,649866
1248792,1175005,1016594,1183901
547528,236887,769604,812642
566007,1300079,1348277,806267
1027130,1016509,1077411,1077715
1134529,1282257,306382,1325316
884888,475153,15124,586548
831295,492584,1321692,929722
183942,685589,1221367,1016881
1046012,1347215,936160,352961
226387,523982,346327,1142756
936516,1292899,1057121,541274
488702,1217380,1041274,423309
604720,561911,106793,913170
873731,615431,91454,823401
537953,237659,828436,327455
569437,985312,205693,132786
1347741,676448,827438,506172
744097,977411,513634,931140
1061210,599126,369724,138393
1217848,599197,223219,1016702
1303838,299355,823304,817536
43922,811101,1184491,552532
294026,856090,353690,817436
816806,1213630,111046,547353
1074394,1314224,1240480,1117619
1213497,1282579,426211,592807
1347804,1049511,869911,165477
597668,357094,1039037,206731
504832,747815,1165341,979751
174030,81989,1088337,123337
577182,835191,564184,1076989
370324,1159831,1077710,801440
801256,1231416,1247523,29442
1189312,900489,866923,884691
700482,375951,82389,1135541
550523,105042,343762,817054
705607,997869,414345,247954
1224367,1033152,48422,521750
318277,1090744,1089887,12154
970383,65009,1298713,807064
448288,496451,448231,317626
503471,347567,1260268,460035
521846,692738,1318412,570771
1053935,372593,608108,852626
1009299,941525,752569,560494
200864,162539,741138,1193095
1198725,187183,503928,959933
570855,752462,1348285,168180
1057123,730756,76874,710780
1271847,604766,799925,889397
1252920,219915,1009421,563277
907759,688496,299179,61095
704704,406437,1034187,1269239
1288279,1220957,145722,1252590
259512,788875,918266,192600
989257,368583,1302324,989647
931058,1138842,1348278,1240255
463626,547312,132354,692603
597245,776079,1129090,1008928
936444,996200,1202028,1109756
153441,496383,1219126,847478
200690,108324,1008445,975498
995331,779152,27117,451273
815991,1072227,68838,929045
595815,1313020,1348447,832089
467917,127995,823282,837293
703685,1148010,764381,1348485
939805,837601,607385,1343100
468199,1002137,1293977,66850
684900,701551,900023,206671
36931,1016450,971694,694494
744739,969036,773937,627390
291973,801200,1123102,1217490
822084,875058,239273,992071
516448,533324,733627,375427
1204575,100689,30685,451549
162520,1003835,753394,1277236
1158845,13401,1152853,1037597
527668,575231,1157571,193770
616341,1081426,503933,1006631
863302,775145,864310,519478
275978,1113696,1020543,1009276
78417,166908,561880,676339
817025,871554,1258046,163243
234863,38614,1278764,1348358
1951,1348536,520068,44854
1016448,1017175,458044,1198108
1159030,749636,969805,773741
504456,1112943,815662,2540
473569,487212,557758,938103
711440,2196,966568,903578
1079757,1010133,950614,795917
1260928,320715,1054226,684722
545625,1055242,1221627,636709
871259,1012020,909452,334080
181433,228945,1162087,829060
300093,746993,786858,1302296
1310599,848484,384390,1084470
205963,263578,177101,69775
676079,21610,299390,591765
38479,255481,675439,133623
194204,1005440,459228,315188
1201383,804388,1346342,1100992
161561,375414,305350,1016457
517987,1348464,692737,1130405
206967,1348907,860990,1347798
567498,760230,945290,649197
1268256,898633,1348583,1246384
892104,114694,944582,1092388
1348516,116910,848568,195458
1348872,1289794,371787,882675
487044,1274052,350439,404252
752465,191955,35878,918089
1348224,159077,1224162,1158441
1017067,619463,40835,1013842
869555,783330,463573,133178
1232754,744110,1348315,1007991
941188,552570,580184,112511
567513,618771,918010,415704
820419,1128542,1197658,352955
903019,783152,1348527,161640
214262,389843,1348297,958251
160516,1001504,118094,243675
1305988,1181043,1050580,461565
812518,1273793,257237,951424
103229,1136691,317778,1256383
105205,159446,474666,820905
298848,568109,941016,814206
783067,448987,127116,758330
864020,33921,572419,366720
986739,469435,910954,891611
701561,1117040,938344,937802
899711,781877,684195,767839
1334912,857744,1240250,206719
847330,752477,1348561,1348515
1112337,1078281,31876,188830
1048332,1348537,537825,919133
298320,823377,1128928,1101433
594091,1347254,476763,1148264
161063,1348682,1239494,1129438
833802,22230,672728,1204819
299735,1348676,1004755,548140
989737,1003806,123032,206680
71681,48282,735398,84613
228513,1182646,1119764,107616
45434,359066,1088562,736596
533234,1092780,810817,292243
461670,1040815,1348903,1197779
99145,815605,537108,324139
810440,742109,197672,1176564
70679,793260,566099,774882
582578,453113,713450,827453
64199,1340924,1088740,1260173
1348638,1086768,1184700,317605
467284,14418,246489,165015
921453,334558,1027154,655291
389934,947577,618805,160933
1343129,1170397,1197,68630
624870,704970,161057,1342309
913997,995269,190820,771834
630192,627396,1339942,752139
1005434,995468,345605,798743
110187,786013,1348501,544989
792984,1283646,537279,126569
1120519,782344,77351,649860
626783,572072,1180858,751484
90713,616288,1245977,56230
374817,340717,1233664,578034
810571,466378,1307232,190842
816827,1113714,965273,580941
1172005,447439,1162520,1230344
558285,1084840,1175060,1347758
1017582,809361,805835,970820
1283637,1122990,595623,918030
74605,1137293,583652,845784
1133585,488224,797802,399053
1186049,259542,1113074,569434
3809,191881,819797,1046194
59428,1348556,174323,568068
1106013,1181050,1348641,1225061
191781,774440,531490,359560
1130936,1181056,126566,377059
297363,1323718,1174775,561471
474237,546663,880152,1181107
1228536,1226899,1321267,1180518
782999,519363,1070036,1285482
1220692,815222,686874,1016499
1246220,448961,96238,563063
822377,812391,177111,144986
273174,467405,482650,1287653
1348351,907742,586465,814846
1084475,13812,758862,1015742
348776,736908,777036,802112
82727,684189,1347681,697458
194721,192076,447967,982027
481404,270697,692715,976414
61081,377690,810592,144373
1015519,1348292,835778,874694
317604,546487,586849,1306107
476192,131812,884002,469281
810502,825538,376633,583644
1573,64297,740882,529866
649908,562047,777034,548197
341460,884705,169554,1348223
739717,775949,1248063,893332
278289,311686,1202317,1009715
880935,982024,548170,794624
703812,474231,102863,1016737
788651,898210,547287,825085
1016449,571946,986279,298362
754082,1045398,1249762,832128
815558,1260105,1079609,1009862
198915,276499,732037,260545
584224,428234,943635,982015
577163,884957,579493,595031
676353,521374,684118,521774
512363,836164,561206,311559
1238262,716165,353571,561572
427113,275652,81256,489083
108468,1269766,1198372,997101
1112470,1045823,699623,56271
595632,561606,490132,20010
489671,1345916,307332,193653
467918,904635,1322876,578282
292146,194724,213797,300268
738214,1299704,1293269,700753
1308128,676452,424475,270981
608138,697921,1060388,481310
1034424,1289917,1078395,74535
607609,209809,830068,1181018
1236096,467766,1313845,869089
384640,1177797,191962,1119810
909713,98326,511792,742140
1017192,338029,13155,1270626
420998,888434,518370,561825
510854,820883,489210,1156754
1348587,194091,848121,1260949
195317,1100029,552720,935179
1348783,676363,475328,1341834
736816,432364,678135,237551
888648,572361,1302704,744282
794252,1276917,1185274,1348293
742607,1232936,1003852,1212354
779144,1347736,101247,1126992
1151450,788202,955516,304488
552718,1293505,973925,1200088
784384,905832,1028371,537017
61089,521307,551581,475276
997093,276453,875128,859060
362710,799862,235905,781568
834153,1058315,1163355,1315329
449817,858985,424090,1017404
12863,193286,756469,561477
510859,817438,948560,470475
827613,100916,1119525,1263807
976412,147632,389187,1124426
1005441,1238575,1126988,1106911
1080309,168046,1156331,181221
466377,1028839,1285672,680235
65594,783006,990980,1240874
776933,799630,820030,850621
520042,613610,1162199,488217
943625,1033313,507795,817531
939258,1129249,403940,880172
545268,604890,227012,246383
323259,421534,76956,1170147
39010,550144,1108434,922574
45461,162268,944709,1050607
842716,38819,1339649,388153
1242590,147467,1200758,1232899
588791,1064694,1179755,1040674
1039749,293674,976529,843970
924969,1103828,808266,591754
922476,910006,1001719,888698
1232539,1072687,1735,720924
163177,327094,1136466,1273327
536433,813250,856119,1219168
864577,607411,413101,197547
39108,1334908,1340883,430243
843975,1232696,1048647,536795
937662,1325297,853678,1342816
1348601,1137073,1245570,423796
701554,486729,1270897,1002951
792178,14533,1176824,1061202
42575,1049141,474452,41452
1221830,750176,704708,99640
329791,976419,262679,1243910
704014,480484,1285492,585256
769616,801967,1311672,1348522
282835,1271839,1096821,1009152
242054,254,1260905,1071737
226016,805819,363190,312960
578209,1250228,1091974,891094
857896,672731,1085138,110321
444904,1348785,592102,193268
175725,305327,1348457,419169
546549,820410,48139,17529
1323716,665291,730738,1232150
919119,124453,314741,61170
1288313,518010,503125,931069
822775,77095,17025,7988
563301,1335348,845490,749638
547703,473730,831004,97106
96341,1071368,908911,165377
68454,577920,1318790,582829
1325512,681789,618024,890959
518363,548162,161642,1025525
1071950,98732,676457,174846
374581,45437,164942,941326
74540,1037617,1170416,728917
1321775,703874,597501,686547
945259,1119770,65076,536435
468299,918142,461433,305725
535380,466516,893384,175493
424490,554116,1016480,801702
560708,792666,1226440,1348287
845459,591595,1347666,1250651
48408,742276,806987,401336
226995,687488,980412,164654
1078215,732527,262810,1011582
13124,893872,274634,1039698
420973,496444,915050,764457
190742,832706,818244,1180545
787994,430545,971151,863009
1258419,219688,183606,468949
1003814,1239958,592142,617666
560818,1212317,1348542,576231
684188,1075546,77712,982737
778312,1030810,1044012,317171
368644,374724,851698,946150
834429,419173,61079,486275
1093530,100648,424537,93423
1348217,1206781,1010149,128214
908904,366449,1108019,732519
1032539,298390,401905,113191
1297526,206987,1134526,816309
1025774,1149839,809529,714842
761527,684109,1136137,536974
91577,1087972,419961,1318900
817457,533038,1003836,533268
494120,1099731,1348588,1325109
374010,521763,954421,390002
1032814,566110,1181110,327263
1016430,1043065,1200145,1194483
1232597,969017,1044645,1168297
937852,977116,1300361,1348232
921605,864581,561800,1024336
1283786,545011,1166781,1098456
789077,687547,3402,570987
1025551,1131038,410401,161108
737408,1136478,1241613,245128
817515,82393,177100,401359
804445,1301392,355213,571457
870428,815253,731008,566510
853204,567630,577361,1298366
191584,937801,1179194,190851
594801,1220572,805257,740078
994992,729007,909590,479019
696829,809115,389038,475212
265189,1181108,1100412,938831
939782,601857,702002,913602
142487,434648,215298,1061535
457194,703826,1348591,570839
68839,684902,1299491,687486
140067,688043,505038,423475
759165,821474,744070,1181058
324508,918092,1106571,546665
68564,223138,964149,141305
90697,591084,785743,1348686
1153413,1170574,547025,177166
521317,262808,650539,1154205
1043644,503935,599289,517992
1169434,446735,987279,446583
1128346,582830,1100169,743423
1016428,1263325,168066,788240
851699,1202026,1002952,174728
1039191,616246,1325308,839988
17205,26921,345012,547236
1025391,414086,501530,950966
1299468,1111491,352503,565841
334366,1347725,1159828,552575
1054926,175759,547315,70177
680849,340929,476588,1348451
598583,128442,276462,819793
1313057,1211558,594804,1224025
597591,488700,1025756,1088593
472766,1034592,502025,242392
1232598,160597,956879,1205385
475066,1149662,595798,533026
264264,944751,149542,900436
647340,183679,1317464,881034
577371,696804,968498,1018314
678453,777505,1016537,798093
212016,1029645,1344510,533258
994519,940901,948138,123904
562048,1269266,561377,1324272
28957,800156,582736,1127753
1281966,114602,41701,476567
218272,550166,998548,197761
138387,199607,801259,48328
1248074,1048724,1135357,517979
449497,323507,1166513,1312260
997834,879880,369259,401431
675794,1180129,517975,952185
1088591,42152,191566,160001
592104,1016522,561465,1044634
1324268,857759,1298644,720006
1293020,1097669,174827,213796
489218,777041,1169585,1079109
797804,579648,124620,42508
529855,888548,936396,141599
475216,605264,563072,545788
159121,13814,199575,1348421
701550,687177,1101002,1185475
14657,297463,1122016,369733
1302842,1016412,737443,937632
1181164,1186515,1311668,183934
100933,1140931,1171965,875981
619464,1238517,875930,813147
466764,1172038,324120,678444
678574,375763,298358,561488
453027,521219,587870,764555
161067,189787,521110,993199
783011,191929,1012253,48942
161559,1342624,237285,1334065
323571,176124,740115,1191331
492265,614346,1058342,17088
1103144,383410,1161588,969279
1071109,764938,534953,1041993
274702,784355,1141222,447256
1090740,480851,371645,648326
817518,771221,275160,1159990
665541,56265,1211844,1061063
673593,426686,595674,47580
470210,547304,647268,571044
1155497,1299070,563244,1055156
1006046,1323808,856299,1348264
376635,776064,761444,741127
823393,1242507,971782,537207
37421,735402,891646,1239569
306001,546987,909147,1095530
970825,954135,810596,239695
94345,1128308,753858,1243032
12682,473735,967375,41453
752209,253942,995360,6257
951495,41584,696057,1339623
860779,798674,1003767,805977
372339,747954,958069,341995
1348408,677889,346108,560826
564414,1180135,595622,1248249
112247,775906,719468,788865
1153308,225722,1340064,63357
647699,929847,1090084,588950
2075,473733,529859,911018
1051567,759686,179760,96905
598999,707415,1243284,680150
982696,174978,344024,1348227
190805,358074,741178,114574
780271,125408,1292693,714754
561516,215219,806920,1164724
194722,1162562,542913,1011914
234895,1347721,1348454,7223
233163,843830,194924,168080
474600,663297,800889,502202
101213,576242,848092,37310
615466,433186,245497,1191053
747800,964280,1348367,677982
270426,1144595,779341,1133587
572720,591750,480477,1064054
742123,608292,338108,1071732
1211826,531984,423458,306099
182647,385046,1039182,1097998
1039644,1037586,595704,999177
1161631,1348737,242929,574231
834709,1202549,46326,982014
66096,223190,607683,421817
782240,1074999,545104,1345875
628801,918018,96494,859473
800883,677987,858002,1050241
761535,870900,1298397,181494
890726,791145,102890,477495
545309,190081,752265,145429
756792,364957,1172205,822091
1200221,1164457,1003829,187563
1223448,1347797,1347682,590568
446984,86191,162326,725338
831172,966843,758341,208931
815341,982188,895131,1194432
14252,1348625,776263,792997
142664,1285426,1113077,1182833
643423,1176557,715253,1100633
1178248,1320136,157556,194916
1039684,536784,353881,1011912
1285493,76726,852632,306105
173765,176128,119870,125861
156640,531947,1240611,1212306
1348778,516150,756754,732287
78287,539059,195370,1080390
1159029,691448,1235342,1200354
83478,1073981,194723,586426
564175,1240862,992758,937083
1228562,448515,1138416,519881
1110007,1233904,583764,616477
879081,783156,1080290,363163
212127,448884,1065259,16525
1285483,794335,1018996,706913
219638,79059,1080121,207014
982706,1159992,1113231,516304
797319,1290297,127412,212546
1189215,91513,1181059,1338567
354779,165033,978346,1212508
2306,1013864,352958,979641
997033,104869,189441,930738
806823,1250649,920050,452296
546403,279440,1325282,569436
972288,1233900,947565,738232
1082182,576748,1319031,1165971
1342960,1284862,306231,537703
545188,1111799,526157,181232
1075897,255073,91139,200473
877084,598217,1012873,1082132
945266,333040,536810,958065
59436,376987,1134499,684125
98876,453028,156600,869636
778579,68252,1347787,300063
1325435,1318921,1058369,1111027
690758,745717,369304,123112
860775,1315335,881036,496353
676344,561732,229099,707404
1245562,318282,860594,191724
1128479,1030508,616360,1038044
1232107,305002,91798,1226
563247,1077818,1314460,950958
701954,1186061,1246714,704707
616222,796666,794225,68962
1011123,1348221,1302326,1028837
1241032,587957,546447,741135
187620,1170005,1200888,859089
521855,767252,1158348,1348857
614100,447105,989248,678218
761446,545269,260901,1161547
260237,753891,712605,520712
1029605,1022457,19765,1246422
940035,949955,789306,101821
1299898,1311669,830042,1348247
848572,431972,971145,466835
432056,744443,477049,1153497
318794,279406,1180775,1013480
431592,545323,956318,528050
769716,788965,689371,577310
172240,316049,697636,1219192
1158884,777421,994961,326404
128416,262109,584605,1075488
560679,1058294,991121,195715
1300298,1243792,700026,1050570
1118999,1247522,806452,690192
520983,496296,1181016,1139865
569441,51724,1003828,740114
1348488,669513,316851,458883
71908,758329,1218825,1162149
961224,851835,1031251,177158
1212287,146760,316524,206963
782982,128555,585725,119331
399442,911691,1209778,1137603
134136,880484,1069765,824866
424474,924014,969832,321843
260571,969834,1265593,41557
1129628,687016,801716,101132
597477,575243,857884,578223
1080331,1161582,844215,1103669
1103997,43325,1302664,618660
547002,676345,1119535,13815
976019,848331,433950,178532
272905,526226,521467,64991
574550,551828,226581,124290
1012796,558304,1270740,777021
1246713,1169425,1083106,1243914
801882,1003819,810604,616339
137878,950018,1287434,542333
72512,526591,1152061,788629
1016478,374062,1242647,929634
183929,192782,161065,371084
982046,888685,742688,1313040
619466,1343118,1162147,880579
1348305,831171,1337298,199626
519924,572267,585247,763365
160829,1111740,207034,475091
1185289,367528,752468,79850
1187249,1201263,976374,127454
127439,1144539,753219,54323
906893,887994,827753,855977
1003812,779970,815206,1281988
345009,1017116,1017180,964299
506391,846697,1299206,164483
1140694,1039738,591030,1150371
845039,1301721,64181,937959
6265,971779,1003825,1026140
984573,94837,450363,578138
746933,148764,219945,967490
936509,819218,856288,1226342
1034191,1298505,1348732,298824
326272,1103292,664960,545405
884724,245506,879089,1232154
930528,845934,1131029,418077
551016,640552,91925,1071212
52794,48890,174710,1181764
537009,1185900,1144835,344325
384849,48435,1304245,47086
39421,894262,956167,191565
592105,1139788,1245725,580163
521217,1049459,794514,1252951
1254741,157030,696496,179040
54321,181428,591762,1277186
1209767,1159826,1319037,375945
1204024,1345331,604917,503939
1340066,1150354,270861,1103713
560658,326998,543371,1042440
571469,684530,1347738,175825
3234,41374,1201380,371922
340198,581017,116166,1183262
783663,561265,1348843,121170
1345754,503900,341462,443951
797263,1220601,616334,1041339
909649,1155584,684913,1209768
586853,11695,423826,291800
845498,597381,1215029,744092
563312,994983,383118,415392
994994,1239174,12681,597511
1153438,1348301,400934,613515
147052,949988,181716,741196
532514,592093,220819,47200
257418,1347796,672827,994962
1276539,95320,1246400,684110
879149,551045,285905,554397
745922,521770,448960,1198371
1149681,697947,562669,900616
1242324,966632,1201641,734096
1283691,1030747,931144,148948
940916,309640,1243909,777029
1017244,1238574,746231,536813
681394,616238,306337,206711
308937,1237962,893408,1348248
98832,1105713,451981,597559
558299,300572,278819,340931
318372,86216,17552,570935
475330,877605,1348708,1348652
181308,1330342,584381,244257
1187860,948207,1033560,478314
829498,782993,1222,572019
742130,1170718,1347694,845448
738738,917276,1026193,742143
976413,1212409,521769,142497
1338725,149030,876102,1070005
701952,1290694,1348545,1018991
401052,109265,798011,13825
856291,1348385,476324,204942
474616,442630,957627,598995
404088,1029974,939738,792621
1037906,597506,929561,1129356
1303073,575573,894457,146596
1348851,13813,1348238,16284
43795,967646,277937,1284703
768016,883221,771243,1071862
276951,922197,999931,500132
31889,1293092,243739,149285
784802,950929,929550,1135356
98815,959139,788045,597500
527934,792565,1044149,65138
813150,1319024,1001710,817456
479504,888673,748048,1046416
827695,344266,1153507,374645
452713,941364,1112478,427278
1012280,881685,1099650,399084
910793,852621,735662,1348751
800194,828299,40817,969491
969382,615571,735447,810566
800890,85068,1238146,526153
1347728,572241,1348905,733554
163239,919116,67465,832050
741164,1227204,1164009,143052
67685,226645,377542,1348604
1071225,1201024,1017172,1278922
348219,372700,817532,975330
797179,1056947,1099729,447671
547985,1217885,728992,1075460
1238264,1340069,191780,575257
317526,1034181,331894,191579
1264358,697796,1181981,1337363
1193445,193059,299775,1806
813233,930809,1147345,1156231
980383,371724,879104,591790
567631,274606,614852,405225
775818,168037,741141,2553
593788,1151792,193256,982934
551671,146590,1267356,1076058
1224831,1247524,902952,1293641
560632,7576,716589,77339
133318,374931,77867,749614
299976,190479,971996,560594
1250667,451155,580162,985537
596989,429788,473358,808011
521138,751465,180089,788730
1239220,1098251,298723,1199996
292186,273459,1206618,805712
173298,821825,165589,1302321
1276612,994989,969844,907730
545173,550212,684128,77739
974360,949999,855631,1085023
1314799,1240268,1345131,1077628
966433,597721,468659,427756
1047902,922091,1015522,949983
1244081,1159751,746938,741118
1307623,208927,257672,985640
107065,1323078,1299481,566119
1195124,124475,991454,820409
736593,1111737,1029791,722875
452474,684124,832111,1149528
1048499,30865,1213696,267643
603075,1202185,1032873,594798
454076,1348722,1178186,848654
990393,1105449,1343095,1119590
131888,61474,414494,191577
682030,1277378,91744,1155781
223439,38627,199105,937859
389036,1160173,537961,297318
805647,1348767,394645,575263
1203750,558280,207032,1017403
837958,799615,741198,1292296
837547,11221,537010,1184583
1085037,195931,994462,719131
945059,679181,677155,918189
1212507,1220776,68554,1194639
582468,595676,1003842,142802
306335,1048704,873434,27405
1128292,1348284,974269,1119839
12533,545145,541003,195059
957970,875140,468,222116
191567,616359,1130927,503934
817033,1243908,193266,823368
566901,595886,582559,985529
1315295,133867,968953,1243523
298882,453029,805986,603927
649180,1016584,44267,815778
852635,75953,576439,343315
374205,961313,874688,278080
1217826,424489,836147,1003837
1017182,856120,528733,1348201
145024,1337313,684715,448289
161849,1128339,1086519,1011901
563207,521139,299215,1181229
1135306,1348805,930736,958031
829280,1185997,1238635,347918
993408,798414,345146,649889
663299,300383,1232930,875964
1164845,535179,45096,129935
1216285,954398,1154366,616226
225772,1168660,618693,1347813
198620,592037,546657,1232555
1073821,1055578,1028836,337256
862973,118703,180916,817525
839924,733512,1348206,1120731
1335520,879991,1049968,12418
723064,879872,676348,1348715
139587,103437,1155515,976542
1287368,1200151,777022,552599
191564,1197806,462262,678823
39631,1129152,575531,1348748
1238623,741197,91186,917285
916151,994459,616209,451276
709070,792037,501882,786865
429858,545398,927083,742829
782349,220863,77004,837532
707411,6534,545012,96240
362419,421097,886531,1089694
926918,894139,1144908,117026
1113847,386144,595749,1085140
343763,1015520,792998,922031
551005,777121,1004684,68023
1258296,547608,1106390,571078
227378,333795,474445,358869
1348222,276448,235318,995805
899968,201066,957546,896315
41556,119798,581545,368574
841571,227607,764919,582657
61084,780272,1142609,58248
1148180,747891,148220,220714
994993,560693,739714,740122
616824,1080256,1110813,86487
568474,1248340,950867,535096
583016,146406,575212,1255725
163238,597158,999509,1129146
1142475,534380,681482,687465
298367,626464,1138260,318285
1263289,616250,964723,413226
1348361,1129032,980434,1203918
225802,259903,799952,545623
684213,282812,1028785,119021
1221828,1348838,391006,1348218
343792,162208,597159,1348452
1324485,1348918,518006,843930
607533,1245724,956449,871501
979003,318730,1150194,181210
548464,1217825,1212449,918307
196553,969375,161560,1238532
764516,359731,1172024,982034
1252327,448646,590539,153482
220128,1238509,794639,1219072
951125,1159829,811105,983794
1243,1334489,148585,1178895
1058516,242131,216633,1235931
827958,277062,517969,1161996
649356,1219111,767089,346139
1312277,1181382,393056,542915
560360,547555,562670,930867
1348251,401141,104183,997109
744109,863999,47211,191210
127974,1341332,1348282,297862
1013354,712176,814725,677906
160106,597744,1317476,1049875
758334,982940,1184053,1133153
1075456,597730,627184,1307435
748211,862976,1348731,943585
969283,856287,1072221,260537
1039183,1312262,1239219,205177
270285,919947,1000763,94060
367322,595804,424493,454500
693222,1082997,1346532,12243
218765,676346,1276856,1172285
899986,517989,937853,991577
96377,162277,1030765,98735
177416,989891,501114,766508
1166689,429840,430585,1003847
685570,1347767,488780,454505
306024,880451,102090,968471
1061748,979874,419395,475812
128437,1348246,823365,1081421
578963,561502,198584,985570
504085,818188,1013486,687114
426923,777030,1239987,777031
1239992,373954,1202546,198621
1335089,524385,1065159,857079
1238787,213818,809714,469837
570923,56275,33273,1126991
64681,67476,1313026,1031249
1129101,457623,1347755,128359
1138155,15681,970775,191791
929406,856581,741168,784944
320828,1061102,320952,259550
938282,1285223,560783,597739
243376,332524,893404,800742
142511,821481,1160439,1291433
521035,427446,1118363,1175559
145062,796947,606549,1348585
994590,1348271,1248202,193820
797327,672741,55525,163241
985491,554723,1340936,192316
320281,531753,1325549,198603
44235,1347684,918143,2264
1297687,270965,1238660,970413
568874,144080,297381,1138975
552585,72119,1133886,1003100
468514,448790,597607,913324
982777,857974,39359,830053
1348574,980890,1017104,745405
702324,120797,1025887,921310
259632,1308420,546808,2537
570948,975421,812570,1201870
1283228,1137296,952292,327842
191798,242051,64118,831307
486301,549246,425435,763705
450793,442361,1289920,956301
809292,384391,86494,353827
97842,493269,860979,794339
1144454,750066,467924,430592
1215800,1348571,1113205,891186
1194871,1160400,715052,649196
435212,1080312,83092,817722
936506,149729,683915,1265300
333087,473830,996870,890221
597518,792623,70887,595678
124417,1347773,616394,1202949
4192,982035,741136,566097
1075411,569444,469150,73160
582470,6259,1012039,371482
191568,582910,511145,800111
1248273,702957,188899,43073
592989,1061061,789005,1034573
622565,700763,1155779,199187
910543,898955,430318,1232700
843968,95888,474229,1218739
906845,1162000,179705,448965
116812,1090571,681479,878677
547187,1185466,1348622,1128477
1337013,616243,266838,1238629
791223,563010,558500,941203
1315334,1122140,85446,528038
1317463,1238318,374148,198430
599111,449300,1276884,1347776
994965,1347731,1029745,1075320
1317479,524821,154734,1039069
616252,572256,1170436,1162482
1020955,696456,843974,1118319
1137251,40392,1061100,922291
1099678,597401,1179759,707129
244227,851549,474980,123306
1194481,489207,1270641,918322
1073714,1348255,398264,898336
20740,545334,443633,1181149
845695,142328,544441,470993
149301,1007268,145791,249186
879706,1348697,1031250,693027
684712,692747,490279,736462
700107,1232605,486195,758350
1142643,565875,31463,1016487
1328698,1292692,369923,41455
1325398,449566,1035077,566509
561776,774777,1063068,52796
1032979,1281970,482561,708528
802110,552649,616229,1348513
823840,582567,648591,805839
974200,301244,491095,647339
376725,1276850,523179,818224
664101,1329539,1058317,844801
245527,885365,170735,739997
322666,1311671,841499,376096
694658,1088265,1171526,825240
1275190,961478,1285508,116151
297471,812520,597151,560824
98733,463552,384392,237351
590647,1304888,320274,1335271
259257,770113,1348257,100632
565569,16225,1348266,305337
1271817,45220,781583,1025193
344429,47888,566249,740118
754583,61779,744408,467903
875124,1096098,1215908,11730
119031,298687,742693,735704
431334,655278,52620,981551
975144,643657,839925,742797
604726,704509,1180573,466049
282809,1348593,86778,1211740
306303,1202588,1032988,1101670
591527,430428,1232537,214263
969490,113323,686287,945520
544431,376231,65153,702694
207082,986273,1202169,841652
1348453,1029649,1110128,1144733
257232,760044,595708,490386
467113,145607,1329709,742293
289206,810799,168064,384853
794527,1084468,811474,467571
454281,182405,986272,1348871
2548,111599,1061754,1200545
810554,1162153,684119,190821
811107,1241463,158997,1246593
577077,40345,1282488,1348922
446698,511863,1313797,1348444
933684,561275,162752,172910
232415,1267466,282202,116482
480483,467852,970340,940028
589720,937788,492588,554640
971683,692330,944078,109960
1193488,823392,1008707,747879
1039078,1221635,923253,1017014
1010004,585243,994950,1039699
1293040,1267740,527937,849079
851421,561212,1130211,181189
475338,1040678,788802,262624
616242,950949,49141,1181049
822113,794611,1338745,568022
1218660,327249,321004,1049491
181240,1184863,114555,723630
900454,1184325,800179,1233848
40878,475331,798800,96884
982185,48553,1348801,1016564
305339,595862,1044714,676486
1326478,792043,988952,817045
1070309,467586,1198032,518657
760485,167596,1027427,915641
1348915,270865,1250068,73866
963060,1198285,325327,552583
502319,1348533,900359,676347
744430,1334259,582695,86777
194706,1168328,721845,607685
945270,843931,1223599,1348646
1180605,815334,552530,953538
618222,1285035,1212118,1238443
237269,1285535,214198,571069
8417,67042,547074,1041044
1150239,191147,672826,1106039
1197942,54767,839943,48883
348649,1238514,561737,117417
791221,496276,574031,725902
818250,787980,41388,823601
429618,1198410,815554,561683
819023,548420,590638,376636
276892,217462,1049285,647657
1251326,473101,991111,431466
831884,1059760,1325307,527924
685834,851533,1340125,1306352
876117,185926,1134528,589922
586193,1292348,682827,117999
91012,174581,355554,1348795
550153,1297398,452946,160833
821598,1299951,810815,809690
1348226,474533,1740,128894
1348273,423456,265185,844999
968483,162507,162307,870238
1250657,211605,763414,1061329
965224,897558,969489,546922
1300253,421054,1013388,1041049
97116,969831,1308427,909579
470991,642512,783166,958851
1238717,199298,1325494,240383
956460,706090,532011,90839
775041,452237,161570,185700
1240161,1107651,586743,1114732
500251,908914,41139,1306946
595228,61083,183860,546444
1212288,839994,401443,257416
1113022,764540,551047,828438
1246193,419183,732385,1025044
792135,908542,680541,1347626
1308424,165482,865654,811431
719645,1177637,1242599,43326
287018,1301905,833852,348764
558308,1229779,686397,940365
810165,467109,884945,1320228
1231983,861550,526684,595884
453120,186644,974449,63462
501569,452452,529925,1212693
235317,796936,888394,975317
927035,1170229,956885,552741
797800,868648,925946,7925
1128429,7221,776561,806836
849293,1075780,344393,789408
63920,1178418,1030730,1337379
595454,1029557,376632,751681
1164223,810572,109258,1113383
619919,586573,561461,599253
163242,545158,158639,446711
565792,344163,101138,221758
340951,117996,343796,66779
1129363,811451,1244084,801796
1241722,383236,198834,585055
1063445,332458,821823,431395
811441,994463,768789,897262
812451,940913,343164,503180
384259,316044,1212414,1042969
1015627,817520,198866,1348511
561193,893579,597907,969806
156280,1061200,848471,474906
1177607,429583,909594,855696
956344,524498,243564,784845
128861,722115,976533,1100339
208182,1243085,1013472,1197836
1016479,760455,345443,945562
429812,542337,319866,175986
210849,53865,169416,580666
253993,1071729,976531,547815
376860,1275197,551594,925461
664978,608270,1029622,306866
590101,120206,648682,938863
706341,939244,8215,616290
107516,938519,1344259,1232934
694524,1100084,1124086,552592
742153,1039605,730534,783193
1288998,1202446,819206,604503
1202554,1181105,817540,823569
