젠더리스,스포티,기타,컨트리,밀리터리,섹시,히피,소피스트케이티드,힙합,레트로,매니시,키치,리조트,페미닌,톰보이,웨스턴,모던,스트리트,프레피,오리엔탈,클래식,로맨틱,펑크,아방가르드
190479,1267466,1348231,816558,702714,507085,794339,1103144,1243913,1172285,746938,968839,85446,944078,1032766,41557,50230,1027100,371645,168037,736337,825859,994461,64296
831061,563247,1348823,361373,1057115,1184863,794535,868779,94345,1112470,936509,160829,1051795,627341,583061,61093,314741,400863,909140,164500,1016329,47242,1034187,558887
801256,359111,1348284,163341,649176,245896,814725,706913,191588,1174459,930738,41543,217682,744739,862976,64199,961313,1170147,744457,1038988,1128688,533116,1039704,821825
1037,1268256,1348777,1206643,811101,365015,130304,258106,1260129,200867,490279,970816,552098,1099511,361322,597526,1141222,469396,823377,809711,1197,878969,1159990,1119000
918562,918182,1348761,614791,433941,998554,677882,65256,529855,640623,1105030,54002,1235644,722954,965262,1188116,546686,388153,741105,454505,277937,178532,1162148,468279
20521,4230,1348446,326385,982014,59556,775051,948207,1317464,550523,17205,463552,969663,116812,732580,545086,383410,717390,375426,945840,12243,864310,976409,1054237
206659,1315091,1348316,725537,1248062,406727,855198,102022,1321091,1215579,113776,371325,1285223,977282,570816,608108,274217,1306107,83097,128437,1129167,178546,1031247,1000630
179632,944,616283,588766,1030676,533026,485598,1144733,518373,554415,1258296,822084,777421,816774,732530,160107,1203125,1290274,1277074,985539,808011,933221,777035,546428
206967,156052,1348738,216633,796947,845041,474452,168029,1267356,799614,763365,1034430,1087919,913941,500251,931069,1239347,618771,1050570,168060,1176525,712307,163238,1012256
788240,1239199,1181047,888290,180089,219945,467284,955961,193262,137878,788423,481404,975144,627396,845695,1112953,1042373,389764,744446,586583,852824,1000763,558299,792565
1111737,721090,1347812,685571,1232575,194916,466516,835937,1016594,799630,595359,969495,1240611,1345137,251445,185706,1288246,880152,1071729,453028,1106552,291953,592142,1061069
1032669,191192,616228,475171,1135350,1320399,778522,81022,918151,575257,769716,582736,1321267,472919,1259985,1039183,676079,945059,986272,788855,1159888,1069547,994985,199110
1055242,527125,1348457,696804,913144,1320235,142736,506704,191564,1162930,306242,1202317,707129,820064,732531,783000,512226,262534,741128,560512,263727,999853,1029883,619195
1080309,1085045,1348226,1251856,38624,845784,595534,1236096,797810,794464,547318,160833,678823,1342309,270637,473730,1318381,690076,742090,1340864,948560,467747,777025,560729
226387,891094,1192165,1130704,1232754,998662,792641,236878,191905,174866,581884,704707,781276,116482,1255675,127662,596989,862391,741196,1318932,115063,739156,994992,692142
896191,1238449,1348431,883240,1248337,205172,813147,479019,165037,1302306,15049,1315459,218494,469985,862977,61079,238838,815991,950961,1153413,1180573,828948,592141,597877
1080290,173765,616341,937571,1255394,377812,707404,257774,1317470,1185466,1012204,822091,16499,1288313,713012,569427,247758,587479,909605,860797,955516,797941,1308421,63552
616477,936396,1238509,80651,320848,1073324,590568,740642,1074474,1100169,1137246,753494,880451,527783,594791,1246385,756792,854077,949955,595623,768016,90713,1039700,452627
521503,1012039,1348326,648570,692737,821474,213823,432364,1016459,545268,346127,453279,133178,694670,919947,614100,1046096,1101983,741106,1180129,1346283,860594,561212,819544
1244088,697458,1348462,898633,848653,93415,969375,1087972,1003807,550587,225814,511988,446583,1032988,162520,1129150,188899,944709,1185839,175696,587847,938519,558285,561243
145032,129094,1348734,149030,28373,161140,1327998,732470,815663,1200945,665544,183860,528673,223762,950608,415042,672677,1328698,879862,599510,995185,989854,1034180,429791
742688,452474,1347736,1075488,1232700,825110,147588,1226115,389042,715260,1128202,997102,699623,326616,1142136,607609,603927,1304888,1128477,562026,1015418,299976,548128,545213
1013388,1187145,1348468,219688,1270627,1161589,279442,834709,162539,315,1740,1291843,449170,922038,764540,820894,564104,734267,469836,597739,7045,237285,1247522,177505
1013372,1270641,684104,297363,744107,856287,40815,1050861,994954,193586,419182,995360,1193445,532914,1058325,676475,761981,1269239,1213630,553295,993078,933204,976414,304306
745922,626760,1348212,577163,1233900,198847,1009421,760455,1085138,1302704,1212905,454214,69946,712367,1113568,843975,752139,1037212,742109,579498,1252951,87708,1162149,1010149
924033,845448,1348658,1314799,1232574,970383,552911,922091,528060,486301,938701,523179,236520,1033291,1292933,676362,732037,1202734,818250,542333,1220671,1026193,1308424,11221
1325398,192782,1348444,1212570,14418,1299740,823282,180563,161058,174855,1100648,792135,869555,1007268,1250651,676469,916319,1019823,149301,174323,426929,1090508,1034185,571044
568846,190081,1181014,690522,433943,616302,969279,110522,1016494,327093,1322135,556347,829498,776561,749657,545623,545345,373457,52794,1181764,884945,537108,38588,531955
663461,1011611,1348478,1217351,67467,1161701,1163355,1117001,1193489,561732,855570,969836,81989,1042440,841492,160933,813222,646899,956449,552573,48316,223190,592140,545158
32237,347917,1348293,675773,3400,541132,980383,103898,994938,198621,856041,376015,256114,86191,747243,676474,664582,1057325,1217889,542354,966568,928680,1029647,777561
548464,112975,1348315,1095530,982027,1183183,808679,15191,1133985,575210,995943,1211735,678602,1276646,318282,1093531,770203,514053,972001,561501,1099678,793074,371095,1299490
1017063,1238264,1348203,97116,521865,410570,457510,1061435,162310,989248,843679,688097,915067,350439,1287434,1129102,1072030,1342450,1313048,451982,712262,751681,1034184,11219
1285035,735447,1181056,277457,78216,1202546,775824,767018,1133988,1203095,419184,1085037,689274,1227889,467851,545042,334128,1130211,958040,142905,733621,1300298,1247528,41433
831056,696829,1348472,915711,100640,1186057,205963,1037766,1308117,587957,990570,489207,142328,648439,16324,1046196,342529,1026871,94830,56275,569980,907967,590542,242929
206914,474678,1348545,1004166,169416,389187,293907,195403,1209154,982653,1137293,1173040,12533,81256,726075,427442,857104,1171468,819793,595884,493269,790601,165483,548161
13124,494298,616249,586193,536725,805977,789138,853204,818231,547198,126567,1246154,54767,979147,1250657,545043,1151419,926682,950966,536988,577371,1092388,1134528,452050
57333,915050,1340129,372620,1135277,39108,1280854,508269,846701,1285535,1212694,918017,475054,1133066,851699,545013,859339,52620,1345875,1124086,103229,866923,590533,819735
270678,851421,1348363,1076826,266372,477286,1071212,788875,548296,686873,1273354,1202349,864020,1158441,552718,676478,701576,1119282,54330,56265,837634,1165081,976415,261137
918558,877635,1348217,801200,537018,235318,997869,339725,817515,982703,1322925,74540,857759,451353,1039078,1252203,1079558,870428,950018,566096,1099650,1004813,371091,199100
852966,172240,1347822,802110,320835,787692,363159,950725,1212417,1112469,1130794,987223,239695,908940,318372,544989,785743,751484,591595,141787,1221979,1202774,13812,259555
959079,190368,1348774,304055,225719,42575,142748,414345,517975,95888,1180520,1212429,47200,369910,848484,15161,1129229,851835,83092,815206,313700,1340134,547552,1061100
547626,956855,1348474,1049968,78224,168180,160791,323757,604892,861005,1056763,1346271,16905,333087,413226,1246400,174459,58248,1034427,1334908,655451,990351,1308427,120945
1246713,670218,1348351,801726,245527,488702,467665,1068947,1212317,809361,155785,815222,534971,828438,696492,415055,1046061,1078362,879880,29056,583290,627326,558280,582829
1125771,319874,1348496,216080,664961,1282257,279440,700194,191910,1305988,404310,893399,348215,1144539,1041274,1128429,218300,146966,986279,779977,1130405,511863,777036,468949
800742,502319,1348515,112247,692726,832131,1295153,971244,1016598,506127,865462,138387,675439,1063759,920048,1001320,812968,1321692,976019,815253,547236,278080,163239,580941
291800,1259606,1347704,145268,947564,496319,485121,778579,1016481,988433,1024336,467761,467702,1205829,725902,569437,888269,473211,818254,1334922,422002,29442,994459,448961
20010,1239157,1347667,320547,1057113,831899,90839,1001987,191835,575263,229434,1171929,31672,118094,318395,352955,991454,91186,52795,597338,922574,921605,561204,546447
31876,383118,616241,40255,12836,59436,146149,1181531,817449,404069,1029629,154734,389885,420294,1292890,503939,1003100,207985,1313049,1232154,1100084,1200888,384849,882675
1242599,837400,1348624,1148003,702694,1161686,641752,107516,1016430,619315,805268,797327,812570,886531,265185,94068,174581,55406,369722,239273,475409,263254,976529,560522
801259,1142873,1348686,1077072,848660,840842,1071109,107682,528046,1164220,577071,1202447,855696,314446,611362,560628,577397,1106595,52796,1318944,1169665,982737,976412,306347
324518,918311,684125,277455,270277,1069534,1301094,1102887,1085136,1302321,577077,1034431,1290694,1072723,982184,1128368,979003,1312489,1005440,595816,169524,299527,994989,907742
952196,983763,1348785,883221,370289,1143654,527484,139587,817525,1113197,865654,446642,213428,848700,732527,1213897,1295906,1347443,827438,182647,277576,975373,1029646,548140
954398,1325109,1348615,801882,561911,197562,810571,788202,735401,1013842,1105024,752520,142183,568981,574032,1201750,470993,824971,371482,1334912,68962,1191862,1039696,189811
948247,1130514,1347794,1170949,1233904,1143656,482650,7988,501661,100916,798291,41536,974131,1073919,749609,590643,689388,1165167,1217824,580280,942192,972086,994981,375955
1315235,95320,1348508,1240862,206748,1070036,365226,1153398,161108,1164457,909452,431472,716413,401141,1287368,486735,710780,1292348,1170864,792614,333945,1180269,777022,562670
964903,190851,1348797,1335520,15097,1073326,576466,109500,191565,1013864,1056943,489084,470475,279318,1018314,810799,518933,348171,884715,196531,606247,1212,1031246,589326
825240,474600,1181023,474980,1232607,546987,864672,1017582,758325,1344418,1183901,994965,46649,1285258,848481,486189,615431,426948,54320,457793,966573,722601,1247521,591721
568663,684722,1181017,883260,1032421,1161582,299926,245901,1198370,341462,865466,941104,434711,924969,797263,545001,547815,972288,884705,41584,1057092,510121,376724,1077715
270426,358070,1348625,239739,815334,118703,792137,1012293,6265,1028700,1248023,1155619,332421,218272,270685,810815,490132,1110936,54321,1162000,1701,1022372,558282,1012280
801796,494123,1348866,1147993,744109,197680,788044,919721,1212306,1166544,1154366,331257,935179,809529,242069,590650,551828,1304591,1061748,369733,168918,181280,558279,1212287
863124,1239219,1347711,365670,38614,1065254,864686,847732,162313,1342628,1126742,198901,857744,524182,930528,820881,1147814,928366,797282,578223,1339375,1092392,383237,429847
918551,906893,1347755,447766,537009,547002,775946,788206,205176,265203,746961,1054045,332524,442630,1040938,676386,100933,909330,1197779,566119,1026813,448515,994463,429785
1017167,63602,1347716,1241032,1037597,530327,603075,853210,1003837,1249765,1178186,931140,242131,193820,696443,590638,180916,655291,209806,451981,77739,933684,590530,64290
938047,47355,1348272,536581,1232579,805993,597364,313030,1317472,788720,258861,672827,975434,692828,251387,41455,1142609,1051567,971996,325142,801857,16434,1031245,430529
742693,1179269,1348487,1173659,1030469,852570,1301907,107616,1129090,527995,941016,282812,822985,175825,1043813,545011,1045974,1044293,970411,168080,689865,70679,384852,1172068
900947,56016,1347813,1170954,572019,496276,810566,613610,647709,341460,1247922,1130936,180707,926918,495751,503940,565875,505243,1138151,457803,957411,459597,1308414,576242
1156231,904743,1181192,243564,164003,389934,1153263,1259515,191788,1194483,738952,737578,567013,245128,1178169,420986,65594,1082997,778312,414086,448231,615466,592135,375679
834077,918307,616256,859473,1030028,1077557,565569,223723,800891,1113364,1105028,815225,1101499,63920,234395,415041,1172979,89331,1313057,1241722,1750,953094,550144,562669
583159,675794,1348784,1224025,367133,703817,147696,63357,389032,198603,1270897,986677,287637,814745,1137613,676479,818412,788580,827669,1202476,1032199,197590,590541,476745
929045,877633,1348751,1104113,1251796,852632,1173938,110125,647700,686874,747010,937783,38300,275927,684874,740111,690197,640552,741104,128225,962877,1306946,976411,545323
964723,817600,1348801,364957,38658,522638,412784,1077411,1260352,709365,270981,973386,132261,74605,888666,1252213,569454,848687,1231414,1126019,13061,677906,976533,571453
1017172,473371,1348222,737857,1126988,477255,794639,449364,1016457,1155497,1300079,100467,1341332,761444,1119641,415053,608270,1190069,1313024,595634,334417,871501,1162143,551047
1221627,192234,1348544,937101,450793,61002,980489,536974,1317480,797178,226072,299937,359731,721845,1119770,14532,595031,825365,736593,56271,426923,696175,1308428,453574
1238623,347918,1347682,1252146,376636,49892,554697,806634,1260356,406437,1097977,701941,91744,182449,1058304,1128342,1203146,836164,527939,574716,992714,593959,547547,1212354
918598,1114377,1348244,764381,649207,523976,794631,1049141,1308122,100905,373954,1044665,277788,566007,153368,561482,592989,337786,1179759,452410,1016881,1320147,564361,375951
1299716,1238318,1181106,1003767,605153,832706,1295155,1316026,817532,1100199,936512,968858,1034415,697947,1323461,194721,618653,841216,909586,809690,577361,575100,994457,1061248
977537,355554,1238507,217947,519478,832086,213849,939258,800881,1194484,346327,1091974,78270,979733,848341,98728,219544,1337013,1313040,369728,161053,994519,1308420,561246
13053,193286,1348787,753394,208927,513634,237561,47898,467916,806981,746994,1049770,970885,1215687,454194,777505,1219059,766661,142361,783067,1105510,1005107,548126,591725
376983,415392,616243,811141,982030,831332,980434,47849,1003846,554401,848039,853036,419961,896348,246489,503935,693729,721015,1179755,182052,748557,902972,592134,598577
13858,1240268,1181020,1118360,947581,253603,775930,1088740,758346,715253,1053811,1330248,434736,863302,888673,473733,73866,1222961,236784,96112,1246951,1321116,561211,503903
12930,1254910,583971,956047,1233908,1088490,789408,837138,193256,223145,1136466,1197836,877041,648430,265189,820873,737684,716884,820428,179705,1182139,736816,383236,1077053
801716,450842,1348676,910909,169408,260237,707414,585276,1212414,794476,665291,373419,87018,1342489,802992,820883,197372,238126,609458,571970,1099561,321843,558301,1061061
548979,192606,1348237,372593,563277,832050,696456,767089,994961,584224,143713,618222,84613,64681,1279932,676384,415074,695897,1150243,595863,821165,107608,1029886,907780
226581,918329,1347804,750964,367918,503122,120676,919706,647699,989249,376611,918029,275625,1100412,1119661,486732,735662,1323837,371644,368585,31463,185765,561203,1245104
2296,1147733,1347811,1150940,796932,119870,985491,1269766,496454,561593,847330,688080,468,1058516,1044165,1221828,781875,1211844,1325316,1124109,1344186,936160,558310,429984
305736,844888,1348533,1339623,649180,897262,278819,808316,537964,1302842,1044012,1085025,643078,1088380,830051,597520,36931,9341,823402,598999,775365,740078,994982,375945
1082132,998333,1348367,1024564,326272,533235,980400,324021,1050430,527903,345393,777114,221425,279406,270964,371787,554010,1156754,527924,368574,1177607,101148,1029645,468945
583553,900436,1348493,956705,982040,831906,1328005,1138035,1159831,1171526,769616,918102,130390,175725,830068,421069,574090,677155,1219068,595812,1015379,1100569,165477,551043
811451,133302,616339,929847,1232564,477083,789476,971694,191579,278103,856047,684213,353184,732592,849079,585257,1323718,1141768,908927,1175005,932382,751258,777041,570987
568690,874987,616226,1021775,913151,477288,1013472,369304,817438,561776,421637,53861,1220776,680541,764506,676466,1078395,737067,1313056,257237,48408,784355,1031251,377239
304606,851548,1348361,1055156,49144,1275478,782349,1301392,1212502,697807,1258112,987230,1143144,592807,957546,82399,1025564,1246567,107457,590647,958939,833306,994460,1046248
128894,192067,1348252,1004755,940954,897284,707415,107437,1308123,1285515,1019880,116156,246383,323434,726071,415027,563041,373963,1219192,567492,370324,104183,163240,1216289
548420,1189167,1311670,738062,1031027,521774,980890,1159751,1212501,679183,39421,1184584,912928,531537,1189215,810806,1039868,31768,94837,168066,181210,1008917,994458,429840
206794,273174,1348572,425435,1057117,1310222,147690,743423,191960,198620,323571,970820,649470,77095,818188,486729,782424,1290090,1313044,794511,1062570,927649,558296,246066
952292,1009933,1238574,298192,345159,649886,994592,107645,537953,686889,563347,970825,433592,690756,1185959,160110,1323716,1086303,1231413,597730,1346574,1204472,165482,792566
306218,1119839,1347686,845555,744097,194229,448289,103322,1267339,1174396,1273229,995354,232415,902586,375238,15166,910006,196553,827668,194204,1081761,1240275,547555,475331
13399,452242,1348588,739717,416922,66096,116735,839814,1317463,1069768,738964,681472,274606,878677,861550,607405,1122946,1267896,1325297,298373,771415,292243,1162150,552720
77587,1138914,1348792,1024527,1020811,1168674,997844,804138,191918,715243,744248,503784,132354,98876,578143,1153783,687547,817722,614346,597725,1056209,516286,899712,575532
189343,1036502,1348907,482561,1126992,39010,1298644,890959,161095,1016623,746940,489218,73910,566110,138207,1039182,273270,752569,1214034,597617,423507,322666,1029649,545316
190906,1044681,1348762,298850,492584,832142,7363,560360,1003849,561594,1270740,969489,1012873,913602,1265300,560658,304869,1338437,1028839,1318923,532514,340313,548129,278921
811441,735397,1348417,855314,1248058,731004,305339,311559,1308128,975156,318794,969491,1224831,874757,897558,597519,723064,1144908,741115,968498,957415,452713,777031,940035
1030786,443063,1181050,582837,422860,787728,794527,719151,856120,561800,1181229,55515,940795,752209,1148264,1185274,419665,1345017,469838,812518,1102860,590782,548137,369292
569183,1239569,1347791,801440,1248340,112511,41287,332909,856085,1153830,415196,737548,432927,1151450,938344,820882,1342721,1001719,819789,428479,1039684,1343825,384853,598736
568022,1281966,616338,274518,368415,1165544,598848,1181920,517971,140388,1186009,910606,444904,742829,684889,545099,857079,747321,956291,141457,1100014,123032,163241,430202
995694,1321813,1238508,1055578,276462,1170416,985529,967490,529865,137918,746993,619376,810217,1059760,703752,561461,420573,347545,930820,552579,68963,867017,1162152,907732
1082131,1308101,1347737,124453,283211,733554,91798,186644,604893,561583,139760,937859,1181382,124210,1137601,545101,212016,604554,823374,460669,168259,1073821,994984,582813
1017244,376096,1348843,448776,253993,1299898,305326,736881,1131027,875930,995965,181428,352822,922476,897551,64201,1052589,890536,827666,457661,314869,459267,994993,1150362
191147,191363,1348511,96264,207150,75562,174846,613515,1016468,1342637,346290,1202446,181163,67732,893869,1285484,986886,965982,1164725,586853,627238,117996,13814,430585
578055,1138355,1348506,1072227,262895,194924,546665,68906,1278918,1174460,415191,53860,1339273,837100,435154,676335,1221991,1161712,1129111,536784,1200445,861403,1308422,545145
1128928,462262,616285,512477,1061210,1299892,237551,837881,1003825,1088591,819947,1291836,1298397,687465,157030,421056,1328059,400674,845498,575417,856030,617047,384391,821831
1017246,1254694,1348445,103252,277062,776243,792628,619142,1016433,162268,1126971,701954,232895,980250,1334478,676353,689526,1063445,619466,791223,353827,1336064,590537,939801
100689,190821,1348238,945552,370458,423796,142511,195715,811170,1009299,17495,1344510,919850,810817,157006,424490,967030,686397,884686,546705,1108420,91991,13825,1337361
276976,1239220,1347796,810432,1030765,1161972,921541,1320319,1016449,1113222,344266,467766,678303,871554,1133540,1039039,518532,1283118,741168,194206,313757,1340924,548156,480483
323507,1119130,1348356,686817,1029974,197761,213797,517686,1212506,450995,941048,1221021,455020,1159029,318290,1176557,584343,1233320,823365,881496,843522,805697,777023,939807
742635,647554,1348433,1028824,100630,956559,677897,1187675,817520,1112199,1262219,1277124,822775,166649,570839,561387,490972,418077,340931,457798,77339,1293641,163243,561516
948364,1133115,563063,148981,12827,496378,805811,897751,758362,1175738,7226,165380,697850,537279,270697,1039044,143052,527846,1128479,468222,568474,758372,548159,1061330
374021,1186097,1348438,1169976,1232627,1073139,114694,195458,1209151,1203097,13181,681184,521449,868105,159446,592093,1149662,359387,375427,975313,352503,974200,1034191,816999
228933,900415,1348908,947013,563276,42714,78776,110252,191781,847478,1089754,1277123,521260,687464,1113696,424487,177058,1327569,341082,779972,997033,827753,1031250,245487
1006631,669511,1348772,1113838,276466,477271,823301,334949,517977,477506,352529,771979,1075320,742797,278663,421055,976264,680120,949967,575231,240383,1099518,976419,545336
604164,735418,1348561,605351,798401,810899,597381,1185251,191955,546837,217473,1170667,812547,221758,578034,548170,854881,342920,343762,298367,274634,528787,371084,1119019
1041,1322346,1347806,739714,123904,1088605,128082,492896,1016447,550519,346103,338109,1639,144080,941364,676482,693719,718501,827696,298062,855631,877400,282768,214263
568101,1248202,1348617,49276,604616,810893,193754,962754,817436,1198228,1024346,684195,496741,1347626,551016,810807,985887,36402,1028835,1153128,1274052,98908,1031252,598737
992071,851533,1348224,211939,567641,1018991,527483,687486,1278922,575212,413272,1202172,1182646,946231,1137603,2538,488306,124417,949973,595686,1022326,431334,376730,1119015
345216,190317,616360,1162562,572012,316044,911668,868771,1198369,528038,1130715,541422,537606,267023,1058315,701550,900616,286148,470984,256276,723630,1012401,604503,242936
773937,190814,1347681,1113847,191727,259903,1013486,1075301,994955,1113216,1015614,1098739,454281,1169519,522061,740102,554723,730534,1216910,578204,159477,273459,592139,571378
801045,1240210,1348594,572373,181221,197672,554682,419395,6262,1113205,839925,797189,536260,1079609,616824,99346,1025146,922031,744436,586558,1016388,982765,1162142,475212
597914,956881,1348247,12410,1232537,781877,775906,248913,1016480,590273,819938,783152,298708,99237,1250667,558476,591272,867509,504085,371343,199021,459474,1031249,571056
811474,95221,1348838,322952,608135,1186056,793250,955907,811168,385046,1147882,1197942,231881,873434,732569,503933,1308249,586718,1172207,564175,1108434,266632,590532,576271
401374,162194,1348263,996600,692738,531902,597368,130501,389038,1302335,1126741,969488,692016,947162,1113686,183929,770186,1025887,343796,128359,573290,194359,1247523,570883
292146,1011661,616239,1130978,692722,267409,454202,1106462,604896,68454,1247941,941116,548265,502943,1061764,1181983,752722,1313549,1217975,985542,273746,111046,550166,255070
1078670,1243792,616250,299014,422501,316062,237351,903382,758329,1171956,563338,489214,1323808,1306352,546863,548194,734034,759686,466761,1203918,2436,512912,384390,1061317
372820,1055097,1348258,1047902,180081,1169585,41139,1109755,1260113,521321,1186012,284016,348219,968218,1274120,676346,1129032,1067397,1313055,595808,562048,1071194,976410,1179520
995805,928902,1348427,424537,913173,463325,42504,719303,191792,514483,1324674,190729,812451,175759,749638,1112955,816119,957888,1211360,96102,992982,1144454,777030,1301977
948393,1008377,1348291,366449,1032422,786865,1025777,767064,343316,581688,805257,1197869,1301972,1059837,848331,545012,589720,1048499,741136,968471,1034447,789077,163237,1299491
206671,875124,1181046,648573,1232777,521760,294026,323202,1016428,105713,1184325,489083,812723,76956,1269266,1129152,1071950,66481,1049196,1232058,729065,1317913,777039,480481
952197,1119844,1348227,212546,1118893,259257,128863,1117040,1129099,686845,419169,971779,327263,908960,44235,1128347,799862,893086,1005430,454492,159480,1014184,777024,580953
1111799,1037906,1348235,1054999,940901,523982,15734,979751,604895,918237,344270,771980,293050,1031472,574031,783002,586743,426211,818259,815197,1105713,174728,384392,580184
1065244,1008421,1348447,1152061,563307,786850,474431,63470,1212416,788775,419183,453113,987739,1204372,920049,41556,552434,889397,742145,1318921,1167372,837910,1159989,1061281
1140931,1245977,563067,1075460,1133585,852568,213818,835943,1260128,750106,345410,1065159,1263826,1204239,547699,1129252,178794,136312,950949,985538,1128308,988952,13815,582567
401424,448884,1347817,923261,843931,1018996,980418,848092,800883,697796,368440,918089,1343074,1338743,958884,545624,1325549,876010,950958,716598,748667,844854,1159991,1061263
992075,1259580,1340067,322788,245517,821481,697921,1063146,191568,448912,518006,892922,278871,1111027,1043985,160934,875981,746231,1277073,56420,374205,864297,1029882,475216
1111503,503180,1348846,371558,3402,1092780,130300,64991,1260255,702864,597344,1315335,1293040,951125,1287512,1112952,565792,1055703,1216915,615571,879627,117442,1034181,448953
922293,845039,1348708,571713,1232696,198834,365233,760180,1317462,681629,1211555,1291847,99145,692427,84674,1345753,888394,992758,792033,595688,1025185,799952,548162,570948
585963,133318,1348254,1215825,100632,776064,42152,938904,1212507,1040984,1278763,815223,243062,534509,982188,676344,351321,1181313,742143,571948,1178775,516146,604504,430592
13717,739975,1348488,685589,1245562,316049,246958,110416,1003835,833802,769691,165377,347163,1235931,270757,569436,276951,514979,908910,177166,655278,1303838,1308423,430255
1175894,492438,1181049,1230344,798412,869936,782938,119798,193268,1246220,737408,937842,1144753,948138,158831,1185278,547074,973137,879958,452444,949285,127116,1039703,429729
587865,369923,1181108,1217387,326998,998548,45214,1008735,191933,1249757,73148,797319,99640,829280,547664,424474,1049511,1245087,823371,1161996,798145,841222,558308,1000622
206891,1009715,1348628,536433,567631,1044499,554700,788965,1050241,1194481,738933,894462,863999,537743,1015519,98733,168882,33273,343792,298358,896369,449497,1162153,14656
345188,963563,1348318,1148039,376633,389867,911691,429695,1346532,219638,747365,371923,321971,1275462,435254,1162523,536910,879706,619463,586874,821698,936444,976531,570888
1246714,929634,1181048,692854,848572,1320220,293897,486622,994944,1122662,595048,969824,984531,269656,1283691,996865,809292,398264,930798,189570,374870,529693,994994,183568
319455,844999,1181189,276851,913152,197560,920352,707627,389035,449329,156640,1256384,455026,218996,1269142,701563,733530,708528,950019,434055,1137073,293821,1159992,1000624
1140923,474616,1348221,1314792,608134,1171799,193648,819023,1003812,1243,1183913,893365,1175326,1250632,500254,563073,1123102,693762,956318,586572,255229,167071,371148,553201
943625,976374,1181055,1113832,913159,42564,48741,165015,856095,76726,1017404,447106,1276612,333785,951424,563086,519131,40392,1028842,571943,259577,103437,1134530,1061102
145037,1012020,442749,45532,123157,477049,1013471,1013786,1260268,1252287,14876,618217,329119,84589,1223448,26926,259176,551581,468659,593799,195954,59697,561206,1077710
142664,161737,1348225,299363,284129,264491,1155518,1170574,193252,784944,265923,1197846,61474,1060897,45771,560632,579647,558774,702080,447155,606093,1004684,899711,1119041
1242399,1237677,1340148,507795,1030674,235503,467291,103632,1209152,1155117,1300409,853025,459930,1171896,1292899,561487,1265593,779706,747904,593779,427113,1277712,777040,560747
568750,494197,1347741,1224162,1232898,1148180,474442,21610,797804,1302843,1125613,969834,853678,884888,957626,676345,456877,824992,956338,1318934,333082,262679,1134526,582830
831004,1274402,1348536,76874,561916,1218660,1183262,533600,1193488,995269,929535,1184583,1239375,1285672,1058342,783006,577837,685719,1245724,365288,764844,521467,1029648,579512
896185,1240181,1348728,929722,843930,919143,677888,1076058,162541,982696,1096098,74535,1343619,124200,413069,561493,203740,544828,909590,452443,941188,686070,899708,503900
380136,47211,1348278,1168089,1030875,45461,707401,864781,162543,861001,865442,282558,890638,975068,225099,1224587,598973,1223610,884724,298824,1323656,1169434,777032,430580
57428,751614,1181164,1049622,38649,832091,696462,977161,343332,1174446,7223,384640,601857,1003607,48883,41449,590056,1037989,54323,615570,650113,148837,1162147,1061318
1006887,358377,1348355,587428,940931,684530,580162,728917,1198371,219669,344251,792131,677987,1200545,862979,931058,266247,751584,1158845,466377,1236118,789368,1039705,480477
508198,1274550,616253,1070009,17025,93423,164483,719121,752462,1302326,1015627,809728,225454,1182026,74064,592092,573098,308530,532329,574550,367528,788802,976413,267341
932227,460358,1348851,12418,1057126,1088146,996095,819015,1016587,697808,819206,53865,521257,51208,1212078,676452,688043,830846,1252247,788856,145094,1160400,1031248,1250068
606549,1305936,1348571,535096,1118891,787705,810572,1341802,800890,982934,563126,782982,1200221,1177637,467103,1128340,986023,1114212,908923,1318927,605971,475806,558304,549255
918516,319866,1311673,74071,947577,801702,116744,1277394,518372,799573,404306,918092,1186049,886423,841489,560708,576439,1063068,884722,614340,274702,973925,994983,939805
863112,910543,1348285,124475,572009,1170229,193642,989891,389029,1289015,1319025,1199993,96341,535179,726088,560783,955420,1270861,741135,205693,1235342,815605,777026,907733
1017192,161234,1348234,101013,1130925,521775,677889,197057,1260109,686879,345009,489085,29519,1028048,1211966,545630,101027,878024,949939,1054282,1127876,389873,550153,1150364
305725,883416,1238532,752137,1030886,1345744,7646,878393,918152,282738,159077,282835,589536,938831,242392,1285497,1132779,1278407,1049463,681354,941602,1289938,994464,430248
1156331,1321775,616242,297812,143280,523999,1295146,742265,1016590,200864,672728,915549,1053852,796261,44267,96247,1327168,1101079,823401,1083106,1103997,537313,38594,1075602
435139,306295,1348872,685664,206753,1044714,544441,836590,1186671,506121,1248239,937852,1013520,1165971,732519,1090743,1016969,1097017,827723,597721,26779,1193095,1162151,448960
948223,27405,1238573,54438,1020821,998537,1183257,1071225,191914,797179,547634,373420,1242324,486785,965064,585243,257416,49883,827727,681352,43499,301244,558289,792977
895131,1238146,1311672,297530,202469,730756,775044,614852,800885,15124,418114,1193674,131888,740455,1058314,1112958,595425,830813,1313026,467285,1289614,96884,777029,545212
788246,1009742,1348458,792998,811107,684533,823273,64691,496418,1162927,1053803,377536,679059,1079109,1270940,782992,594034,1021354,990742,449817,1106571,218707,376725,582470
1030730,260901,1348795,1058727,1084468,533234,147047,369709,1159829,1140097,665302,444340,84890,48553,848329,1128427,955343,988330,741127,597457,362419,714372,1247524,553194
750518,423071,1348324,703874,206727,1161631,147046,978346,817435,1241463,1170718,684184,217721,41722,709329,160108,673593,960528,609454,177100,1183107,1060072,163242,1216285
3422,647536,1348388,533075,1030871,533036,486275,1122140,885378,475153,936513,971145,989337,27446,920050,973685,974360,892584,741118,422755,1039749,1004832,1247527,561258
686548,358071,616246,516358,940913,801704,146753,938881,1317479,545269,160908,1315278,466086,422580,361290,831181,1148191,1192720,956309,783070,313769,734533,1039698,430346
228513,1176547,1348773,1240886,1057118,626778,1183251,1247460,1212508,575256,490366,893404,458517,963898,1148238,1176563,1318900,436928,1197660,815203,1235215,693027,1039699,430201
894361,452237,1348486,583251,1030508,156202,898435,680205,161651,466955,345012,198915,588950,320987,836147,1345754,1284703,784483,54328,446669,149285,936640,777033,819730
1292111,1256334,1181045,1240753,521846,1283646,300383,967866,162298,326419,143706,156611,466141,909320,594790,1219168,1222550,270204,149542,298080,1107685,810502,994462,591790
206950,685940,1348657,48942,276892,1077628,1087739,967646,1243909,784949,1220602,918079,1201263,723385,945290,740114,176573,719001,949989,997832,169554,1157834,13813,1299481
964901,1238663,1340064,1082051,1248067,626772,794611,1087053,817453,1048647,865463,821743,181494,1021275,1044281,1128349,86596,893732,343765,599508,308937,989148,371149,1225444
831055,192928,684110,536435,163877,93419,298888,1012492,1258046,961877,489980,198905,173298,798011,265181,810802,1076989,325327,956330,454494,937632,374024,777021,453580
418351,190503,1348245,1164476,354688,886068,707411,1153507,1243910,341796,1056947,797323,716165,690758,850603,1162519,927083,835778,1005441,547109,932989,468299,1134529,817054
206987,105325,1348522,516344,276453,477088,1283637,11695,1003838,958851,892106,782972,85992,1200758,818111,585247,984381,737206,1034462,1174613,1130853,1175510,976530,157556
14591,1250228,1348627,694207,736657,1153107,485237,991121,1317461,1275191,1053796,918010,879013,188123,1018235,194724,554116,1013706,1049465,595632,992994,516150,994990,1179525
206843,1237885,1348906,1335271,245521,531915,475143,148948,800886,784845,930745,457646,677982,71908,1250649,1127753,477259,907461,1155779,975423,12154,308878,1034183,561265
582876,192316,684128,320715,433937,970452,164512,1112287,735402,456259,604720,969831,1024742,237090,578138,545008,100901,189978,1128482,806823,215786,1066859,777034,452794
948252,1186180,1348763,149729,1027163,1091504,86474,829060,1317459,124620,1211558,1049781,586144,791011,1274131,562030,581735,162326,1215356,810604,1054819,1296188,590539,907757
548981,950936,1348683,607533,225724,706166,787975,1162199,1283786,45434,346198,876102,240754,1293092,234895,123241,199626,1267740,1217888,550207,882352,869649,976416,448981
1032915,680841,616340,1777,492583,521769,453107,693859,918030,1113363,1012216,458042,130995,50222,1289917,597521,503471,147878,1005437,545788,334080,758862,,575573
1324268,1239992,1238514,320390,165886,496382,782961,806952,856087,326404,225772,1033562,448378,946434,547579,96236,717044,926545,447439,586426,19765,448646,,306862
802642,190820,1181054,274243,1245564,503125,1298643,729007,161068,686840,744257,198913,1573,402169,1210893,1090740,891813,724936,908914,1318924,732974,690677,,468930
1277186,190842,616354,856581,702716,1206799,920345,199897,758336,458466,715052,997093,152243,754656,1136498,420998,596647,1251326,1245731,595804,1243123,47562,,560784
923936,684502,684103,1122310,572020,1166309,898440,938863,817536,1289009,101307,1276917,166889,1111051,749597,996862,921310,994453,1245721,1125677,228945,804156,,531951
918546,452015,1181058,474533,326253,913835,446735,1038044,165035,148764,405225,70887,270432,870238,500015,1129146,1064694,1135027,741206,257271,744070,111142,,1061076
355357,1311973,684108,685570,366723,1193515,1153242,228162,1131024,1016537,547295,1189920,987066,1021927,945266,701562,261359,70066,702086,779970,423456,76463,,1012257
965224,1054556,1348441,45096,1020825,503133,793260,1009560,818218,363182,1011912,797317,530757,1292296,938282,607406,580553,1020543,823393,182830,1100258,779341,,218765
595380,1312224,616288,1069188,947575,1254603,1025774,743946,191929,475249,265924,53866,233027,318633,1113741,82389,598257,748048,884688,453027,1158860,799925,,595704
1264355,162839,1348451,956167,1130927,447967,921453,939244,817514,561796,626464,844215,176043,1243523,1058294,548197,1122990,1021596,1158346,168058,48139,647657,,1179506
275978,193885,1348871,587988,702713,1299163,305327,509059,1016490,958850,857885,684201,1233848,939020,965261,607685,885897,773741,479338,1318945,1032592,677909,,306335
1246193,950929,1348587,900127,206711,832723,1302430,1229461,161630,1013875,327249,968842,783193,1108019,527998,571078,1146445,1258851,609455,567511,649596,113323,,907771
1061525,533268,1348612,216565,326252,719645,96377,1123291,94346,694524,2306,1172005,1240399,816806,747263,597516,670987,848219,742107,594801,930867,746683,,261148
873731,1238443,1347798,1070005,1057121,197679,142444,323193,537961,1113231,345146,815232,61475,534380,125197,160106,208100,1009516,1293977,1038979,48328,679476,,537207
480858,684712,1311668,1265508,1030747,815341,1009249,109265,6259,454178,604726,1194611,1077208,90697,521120,39359,392062,360440,1313045,1232150,312256,855481,,598583
145062,1088562,1348767,144842,180073,466049,969213,709410,191589,1164223,1231423,192753,1058369,516304,521374,569441,214986,758159,307583,595815,421817,747755,,479421
1324272,866352,1348276,590101,27046,998649,546657,257775,548340,1164201,1322876,844205,971404,824866,965280,194723,582695,343164,1150230,545804,48422,791145,,64297
1198285,816312,1348881,1049491,1030473,1347554,150170,312563,811175,554397,945496,937873,193369,1335322,1136449,1285505,572419,1313797,142359,105109,993408,486075,,429743
548971,494258,1348715,243376,1248060,523987,149927,616649,162300,1032383,1131038,824769,46593,939083,1119764,194697,754339,1129438,1048724,257244,1073155,761527,,374062
1244081,1239174,1348408,299215,206724,496383,580173,198866,1321092,1153308,1015600,684183,1228469,1326478,234846,820903,425288,1202949,1029616,550088,729051,79033,,571457
189361,880679,1347721,429583,207014,93420,1093506,864771,548299,448915,966632,783166,714585,1345131,1136407,1090744,161995,741349,949918,1180135,370309,89069,,545156
345443,563244,1348271,799486,563301,1162249,510867,108180,389037,901229,344714,893344,532011,1168660,749636,1001328,1271362,1322677,818253,780271,1310396,704970,,375959
1134948,890221,1348268,737443,208925,856288,969036,778601,1003842,521307,100509,893386,1240539,412954,1015522,61082,806525,700107,94826,985537,1077818,63674,,792985
1242691,1267971,1181107,62166,1101672,1202549,213855,65076,1131023,1016522,518015,453120,809204,944163,1043879,569430,476885,889984,741138,177101,113669,706090,,907759
31747,1302395,1348844,297292,320828,700763,475149,1054297,161646,561712,764919,138393,648517,342064,818199,1112938,1184597,416948,361584,182405,1307022,487376,,261147
948248,841652,1348748,91851,206719,1069324,142598,1040815,496445,580666,672731,806458,1288279,335163,578010,1046200,598463,399053,744430,553286,353540,869636,,259542
1111740,739997,616352,602635,608132,810889,527473,1183466,918047,1175709,819218,684188,212194,141305,91577,701566,260571,1233228,1219072,597594,1171835,96718,,262810
207082,875133,1348358,1211128,1030755,389844,101821,1166689,1159828,15681,1278764,1297687,528127,905832,161571,597514,1337313,688496,742147,597159,1016412,44854,,817025
321412,833856,1348232,458059,982015,463337,254,1080658,1016509,1275197,738972,876100,101247,873469,945303,421003,1269468,39631,1034456,552532,1082581,145476,,560524
14518,1200948,1348205,884737,416270,900954,920373,878392,1016432,1016688,253942,463573,152193,773348,726045,843968,882816,1256025,1303187,463042,1346095,504832,,480484
1094519,918322,1348492,1170436,798414,786854,142809,1320301,817524,775153,558522,604915,1175643,540707,318277,1176477,1318860,1334065,742113,598946,607320,110321,,259550
583478,1008428,616353,1075456,692723,306001,365122,985640,1131025,1016543,857974,116167,922413,1072769,964308,1093530,880935,669530,94835,564184,957970,1071368,,591763
519363,14256,684121,1076707,283796,991601,779144,225530,797797,1252590,815558,283067,293955,785774,521110,1246384,13499,1208472,884677,788872,582910,306450,,374061
898890,526489,1348593,1213742,376640,626783,1142643,333040,994958,68252,818572,116151,225802,756139,242054,1224602,1106330,1093414,1226342,536987,259575,908542,,1061329
587870,1009804,1347697,61170,692715,1202004,63809,110078,918143,423821,702957,184377,1086768,533546,91513,561503,886291,709649,1231416,536804,340951,504456,,1119009
492802,79401,1348806,215219,1061200,194234,566767,861433,1003828,1171959,902856,1199996,201066,957932,732560,1128346,756754,304488,958069,597401,999033,1195001,,1212355
1243032,1199010,1311671,915688,736645,1129225,779142,743937,817530,775152,747815,176128,297862,117417,1041339,831172,1049671,664101,1220572,298320,925913,291944,,575531
1103713,1238433,1348682,298848,306079,114602,45809,1112268,529863,76716,123310,384506,532152,1345331,1119535,1046194,67685,741634,1028836,584605,1252847,627036,,430545
1242590,736955,1348845,885538,571318,800111,1035339,680235,1308119,587955,323601,38772,318804,1098456,551005,558500,167596,1292248,986273,975417,1232959,972102,,582575
1011744,192959,1347767,1075923,796936,43073,365225,531760,649357,975882,217462,451273,212136,1126205,242057,676465,1025525,449647,107460,586417,733627,187791,,817039
17088,1256298,1348653,866155,1030514,16290,306024,819038,1159826,223138,865672,969832,174304,84137,1119790,41547,1125220,440872,343763,595676,587928,301872,,1150350
795917,1009883,563064,1314794,1140921,1088337,571421,745485,1346534,920591,742184,1315250,424090,830211,554640,676352,692587,1034573,307575,128214,1178896,627184,,1054226
583552,687114,1348216,320424,563286,1190702,298882,183606,1189312,1226,622565,1047957,936506,699682,1178637,614099,1319496,1336490,125861,791221,1131134,852653,,199097
206854,864562,1347731,401515,1134499,1098742,813150,977411,162301,477495,1287306,941113,454076,954027,749647,597500,1034196,1287653,820409,860779,1025301,76650,,476755
1292117,192608,1348575,1168328,354675,114556,546983,1270751,1317460,526157,324123,701952,467571,98832,995468,931070,261660,593362,792043,536986,1344259,300836,,374010
20740,1009820,684105,804393,320844,899977,175047,1286675,1003806,475066,769709,263074,467405,269682,851698,607547,580725,890426,949988,445937,747879,1008939,,369293
435033,307014,1348913,533258,1030463,1077630,855178,195450,1347214,814846,797097,908354,963648,515742,413187,545625,158639,145722,741181,593778,1032539,1252327,,1061070
1231983,1010114,1348693,329791,537010,787695,46326,1106429,752465,341,1180518,184373,304238,237615,732524,503944,1076812,682827,881034,597158,888092,1215918,,429788
376987,904635,1348546,216064,354698,713414,1215800,149623,1016460,996209,738938,771221,329628,488106,1137594,676363,344163,355766,823372,1088265,1031627,1010429,,907743
1244214,383057,1348204,786013,450795,776263,780595,47580,548344,561804,769604,523167,348649,1053924,1210885,820879,57112,641267,259632,860786,1100287,1342960,,156339
923919,452236,1348581,207955,649196,1203332,552921,756469,161063,1249762,1080390,997109,456246,1118642,1137599,585252,805461,1011123,908920,810592,318730,77004,,570981
227012,190493,1348527,297876,283834,810918,787958,682030,800889,988437,839927,492265,910954,1329539,684920,61089,262624,1079757,956329,975421,223002,712605,,161000
1065243,517369,1238534,527489,433938,956586,481540,275874,1189313,1246223,1247929,849293,43795,827958,1090571,1285478,761344,1033152,909603,597621,888099,535380,,430243
900939,288777,1348873,1202588,12819,547025,1806,311505,1260358,1172038,1012185,282809,844801,640453,572112,592106,974335,1187249,778320,1075898,219313,183955,,199111
291782,1239888,616247,576736,181232,819767,305337,1134906,529856,561825,1017403,806452,470222,535708,330005,597499,785740,557732,778316,552592,242977,503715,,561222
1339942,14252,618693,804388,940916,832137,474445,187563,1212316,404088,744282,55957,1288393,1218952,161559,14533,1107416,1144595,972000,168064,1244103,1077546,,571469
229099,875140,1347743,179777,1245563,1217490,86472,1226429,818215,306099,317171,1212449,871259,116668,270965,2537,594093,822377,949953,453029,999177,1074288,,1206617
37375,1119084,1340066,309640,848654,713424,854472,1250425,191881,474237,1322954,908340,132371,414237,426686,547983,342861,882263,879866,1317676,563245,747655,,597875
1184700,1239996,1348307,681789,1042658,119331,541274,109258,1193605,68475,518070,1171934,1073714,402625,1250686,213472,67681,1040075,1150239,968483,1109114,1216149,,1206618
1111758,1238257,1181105,150075,1042659,22612,86545,1046416,647697,505652,1323061,928423,231842,82727,1343095,676356,1198032,859089,1231412,608485,1159134,1215908,,306337
288466,1044598,1181059,298973,1133294,1078136,870052,1206814,161640,1016784,1100699,860418,1241181,1157799,1119590,810797,595228,1206927,778321,598959,276499,1008928,,12680
32121,665447,1181103,134136,1029791,898214,1183266,1116303,389043,1113022,1258419,1347254,121179,1203920,594798,61081,583977,71681,819796,194223,855978,995558,,582559
306428,1315689,1348387,306194,1057123,1166513,609001,482531,191821,1174366,566833,681422,1276539,828436,840008,561467,305166,1232107,808266,1285422,941326,164654,,1337363
228326,1206780,1348476,712176,947563,440394,855191,1130042,1271817,565601,677132,526680,117959,816628,521035,783008,994650,728513,930808,447154,1180634,692603,,1054232
401443,721094,616257,1140635,982024,956521,1305438,487217,1321031,546789,1137253,443633,85593,853522,594672,843974,1022652,761775,1313025,598956,423303,725338,,1077714
773934,524498,1348822,430428,245506,547944,142802,198584,1016479,996200,1323066,937862,1201380,777601,234402,607650,334367,934281,636918,595798,834153,618350,,1046258
102369,684715,1181024,239729,169403,197847,205956,484908,758323,575260,1248249,1200015,176553,1225596,830053,473732,1335089,901924,1179748,936089,145122,341995,,429559
568109,563267,1348206,648591,207032,219915,968953,127818,604894,181258,1212862,837601,1240480,898606,481045,676348,1213840,866672,827676,182127,1076459,117999,,591084
1248273,692334,1348732,964210,1179430,168169,40835,2075,191567,888338,419173,818949,181498,1118800,874694,1039191,961618,713921,1345816,128416,606274,906693,,430532
1080256,1072687,1348813,126195,1030810,919116,592897,759044,161644,536133,888685,463556,449172,591030,170029,560748,889525,1183862,1216917,56230,206680,1013354,,570994
401359,794132,1347787,68532,43922,389843,576480,750176,817501,75663,154936,918018,716123,1106390,318284,548258,823569,808618,536810,1231361,720005,865257,,940028
316744,910777,1348292,795327,207147,1184955,608314,1101433,517988,506059,1044009,997082,793148,1324114,622257,1240605,1039401,1009532,1164845,479504,966786,579094,,1266002
374724,1186087,1348541,40878,798404,1202001,794303,744984,752460,552649,938062,1197829,466745,722227,228349,558521,753891,35878,950003,1201642,17529,963664,,819556
57342,927035,1348655,144787,940902,1159892,474231,1221946,1152827,76285,1270898,1221081,834429,1335370,1113717,424489,1099729,1103292,818244,463626,887994,1228536,,1172067
94003,1184491,1348223,989737,1232833,919119,556294,227876,1346530,860979,344310,1072975,474763,965148,242065,820902,979071,848121,881036,595818,1217848,828285,,545538
4192,1011700,501569,447127,283918,503123,129935,1332169,1321093,807001,1300253,908347,1288938,923609,547568,1093535,1330342,685834,818252,597489,323284,111267,,549246
1017067,191692,1348622,146590,1061199,1203327,969274,760485,517969,546808,547357,986666,571607,660704,1287545,560817,743608,1026140,1197658,1124084,888548,479948,,1299468
380357,956879,1348803,700026,1232594,1201024,412764,1040674,1317465,794757,143705,488217,548009,515747,404252,701551,1288347,682687,1158348,457800,568140,899022,,817033
800179,1238717,1070263,1108567,647342,703826,259990,1008707,387989,326411,123306,1200088,6534,839070,318301,608110,806543,746209,259631,96114,98326,431395,,1260928
1017180,984573,1347742,1047691,1030466,1153967,545081,742293,752468,879104,39323,937863,482718,753759,945259,1252208,961224,694658,823385,128344,26810,423986,,589325
1221665,940873,1348452,1277236,521855,1171795,794624,760230,1003813,104869,769632,447105,413101,478224,467852,561416,1127467,113680,1071731,422748,1180669,1097669,,591729
1325512,1138260,1348311,310786,1232936,41645,45220,297655,1243908,1113377,839924,377542,974159,449014,903019,590640,1098251,1256975,879991,599111,1100339,765175,,548150
1017222,1011631,1348265,768789,744110,317601,565559,1012290,1016499,124616,323743,1315329,185926,1203596,861571,561465,837958,791396,742138,752266,1025391,1077746,,1061256
238982,494120,1348731,1221027,649190,713455,449961,1091987,815665,327455,746931,809714,865090,69592,140067,1285483,709123,462652,1223599,597496,43326,992481,,545216
1017210,1009792,1348442,460035,1101671,197538,91809,950759,1016450,860990,595049,985590,449300,1159030,16322,820874,64118,1067799,879979,595674,999078,1310599,,430596
1238629,875028,1348918,1205385,1232778,684535,788045,1226899,1159827,489671,929550,910828,331894,767252,597639,592104,781509,821951,1050580,539821,1346572,1104723,,581017
166368,698660,1348303,809276,1020817,831819,42149,809115,1198375,147663,976694,281806,813122,1200983,742153,607683,1269469,871640,958068,297381,516871,68023,,430534
566847,1239210,1348464,189283,205306,754073,870072,750162,846697,486300,1180695,41540,14126,1951,925959,560678,570771,304689,949983,597147,1099552,744396,,448951
312326,1238273,1347771,900359,563312,245891,485602,1120393,191818,341779,892182,604917,255149,893579,1172199,473735,1342816,70635,820419,598995,998559,705560,,1061267
344198,1010109,616335,213147,270867,1088145,263810,1040650,752477,370365,604660,371922,342640,751334,597548,1188122,1248792,1187860,741182,812505,48435,1171730,,570954
190919,1259596,1347694,447256,848663,832128,165211,719185,604890,831243,156628,908332,181485,877582,61297,676486,1123202,952993,1027130,105112,968891,982859,,430581
518730,1252920,1347756,97106,1232867,1171497,775949,333024,529866,490288,1325313,399442,453278,1318412,554641,1128339,1251477,777351,52805,1029988,48282,249186,,552741
773917,680829,684131,572908,1209771,440397,1013480,682019,856773,561816,890726,489091,167210,977815,574039,563072,794971,922197,83478,595864,1180545,461670,,591750
401336,473368,1347738,745405,1232745,496225,794243,732385,191945,1075780,306243,447179,984436,476588,521217,41453,1124097,1310270,956464,975416,423475,1229311,,570925
187241,1212839,1348523,923253,270861,805983,91437,1226440,818220,526521,154894,1276884,678135,413311,1081166,597524,151039,386144,909596,586868,1099542,808570,,563009
1017175,563207,1347746,161947,647339,542903,554690,866046,1016508,1072086,990581,1276850,394324,226645,101024,96240,339234,53666,884717,298825,940193,1170005,,429621
13729,841648,1348501,43013,1061207,1155389,969571,760909,1135356,1186697,608955,1200048,714899,1215029,987268,353114,1040723,1058684,949999,141464,600150,87698,,545142
973771,1283170,1348236,527668,366720,831884,552996,63462,161642,67454,1247994,1033564,1168351,228382,850607,1240606,583631,842716,470988,460667,1129628,1167731,,591765
938103,697468,1347797,1173003,647340,511792,562067,889815,390999,526153,1194691,449456,973890,732287,1113714,569444,709070,663562,950945,968490,214173,1154313,,570935
190909,697523,1181193,643657,1232897,114536,146211,485951,518370,74641,315188,399343,496677,333169,1334489,41452,792666,111599,741164,1320136,1082857,1045098,,575568
1197881,1239958,1347713,298687,940904,754082,78590,989408,1135361,45437,547704,985601,1175060,1053402,49532,82393,917285,374645,742123,325146,48373,682443,,562661
801967,524821,1348606,68554,744092,542937,516448,868840,758334,831250,1029622,489210,1201474,1218570,874688,592101,961478,891186,591574,550462,736462,759910,,817046
354902,192687,1348656,539059,123915,1158049,91139,788331,1347212,788730,217472,176124,120206,1338725,577979,740115,1096821,1281806,591594,298075,884646,237659,,580181
1325435,662820,1348218,113191,1177858,1091503,40817,1271847,817456,1053341,1272469,701930,469008,110938,61779,569432,815554,1029212,1034424,1075897,274548,711401,,564414
583481,1090480,1348753,374817,537006,119031,475926,989647,994950,75659,1097998,893408,410401,1166591,839994,676339,1148154,1191331,956339,189787,1026790,810440,,563032
1043644,460648,1348475,1308027,421097,1073145,45207,107969,161103,1302664,888709,782976,865102,244227,764516,1285492,545188,535940,142353,1285426,183934,702065,,430238
77712,1312260,1348642,740882,27043,93166,679475,368950,649356,1009276,982399,164990,822801,1338704,725910,561477,822035,886327,1070229,975317,1089887,1319754,,570947
734096,1292692,1347801,922255,1031030,86778,227607,107065,1212409,132490,67042,910807,1254741,785088,403943,311292,3234,372700,958031,1034440,78417,461565,,1118999
320471,959139,1348453,451549,1232550,1298505,318877,697636,797813,867241,323244,701956,718141,1249856,938038,560693,470796,65399,1094178,553292,214198,1175559,,429776
145448,1186540,1348576,391019,468199,535504,1305442,822708,518363,915635,1053788,918103,813118,966728,100648,597527,1337298,990863,1325279,362916,314526,940361,,582578
145043,383107,1181043,1211330,49141,218411,794252,107188,1016501,1123946,583712,451272,517215,467211,318285,98726,215298,1162087,1217720,595622,1177224,322772,,261138
1238635,648326,1348228,359560,649197,805986,365368,778884,518361,833786,518072,663299,105205,696057,1133544,831171,506172,778682,532327,552580,17394,828265,,11220
436772,1186436,1348243,1104194,12826,194091,696452,312208,1212320,527947,938700,74550,781277,960125,1113606,542913,909933,8417,52800,595749,1103828,723259,,582468
583151,851549,1181110,1148010,1042651,713423,1013965,63362,1308127,1302296,345041,1054044,82233,1313845,211605,560626,597559,369870,369723,168039,1233664,1018897,,120946
183942,1006046,616238,572361,1057116,496296,787980,432070,1308121,1009302,1300361,910839,681858,1282579,858985,1219167,565458,766508,1150211,1083108,427278,748211,,1241613
800194,844998,1348477,359066,143371,713450,1152853,38819,1317473,1100171,344393,971141,1301721,987393,270969,1176564,868648,473358,83479,467269,1099571,575346,,583644
992034,1142662,1238575,322808,206739,1138416,969031,1100633,517992,1016627,1212693,199575,1288998,722875,958879,1129249,717061,501114,956324,681479,487072,261848,,267389
918599,1312250,616359,429297,38627,805996,691469,216918,467917,476311,1248052,619373,891646,979874,726040,1128292,689371,551909,527934,434052,1172818,782240,,1201870
924014,1185852,1340125,329918,1231455,892024,487000,227857,161059,1081426,1015618,446711,1034361,428579,684900,1252206,1106039,1204575,591591,593789,597938,401905,,429804
229064,394354,1181190,1240874,604624,60574,41374,127995,811161,1241464,941055,1197939,190805,277739,415626,1160440,163211,560794,54322,128338,797762,700482,,580958
354779,670178,1348242,774777,1232899,1228562,823173,65153,885366,552643,547304,663297,47086,690329,1323453,64203,595618,1023755,1313020,545398,818898,969951,,591795
964719,680849,1347748,1027154,191742,1074241,87383,1012305,818224,353881,581882,1276910,788651,533548,1130955,1162520,21042,382005,1325307,780272,999037,452753,,479447
700412,900454,1347706,722653,1027425,970436,969382,1078281,161100,982940,1180609,447671,787348,575061,270650,1181979,126877,1119495,949926,105117,1016737,869089,,214262
433830,845459,1348264,363628,283536,59555,474438,880484,815657,1304607,909500,1345793,1333573,980119,703091,14534,673362,718836,845500,446720,606121,1203269,,821823
433406,1009850,1348735,1220430,798405,753219,980444,1314670,1016487,198430,566509,526720,1283813,649430,1211968,560608,618805,1019831,1232664,297454,244257,969944,,371424
568068,1008445,1348685,746424,1232555,754079,1204819,159014,856774,1241458,769712,918130,359069,671741,597539,676468,804445,262071,149298,298317,977685,979641,,1212180
17158,983794,1348241,215418,306088,1165341,782959,1035292,205177,1275190,1319031,488224,1343076,847770,684925,1181981,583982,436112,744467,552599,291973,965912,,599196
324480,1238787,1348652,743545,1133587,774440,91012,863198,517989,799575,581815,1194610,159349,650539,684902,843970,577920,1333463,609460,552585,266850,738472,,1012253
582887,193057,1348604,571009,376632,43072,580163,103261,191780,1249761,930736,74881,237269,131812,925951,676457,586384,762609,374148,593788,1251149,531753,,429849
521138,794225,1181044,361028,736646,898215,544431,806920,528064,780988,1270886,937791,1304245,429468,1058352,1112945,1172173,566249,820410,1232140,763414,475276,,278227
572267,319885,1348905,207943,270865,825085,68564,733806,1243914,449303,160516,672826,677978,1139022,888648,1112943,598255,172910,1217718,586573,819588,871188,,552730
1020171,875012,1348672,738232,207019,1186061,86495,1012796,1016492,451765,344429,1170670,1242507,760311,566668,61084,1147345,557758,68798,968488,1303142,838552,,595708
306303,665355,1348301,200473,1232753,45473,1178418,691977,856121,989257,65038,777121,496717,466284,574000,561377,832661,153441,1164724,454499,1297693,116910,,429801
831033,446849,1181100,322405,270285,991577,306016,1103174,817531,550577,324171,1211740,428881,1327051,158997,1252212,974308,614587,1138155,552530,767840,796757,,67535
929055,738721,1348267,76863,790562,406730,91802,728992,1198346,267,798520,1186390,222116,672022,1136629,1240602,260545,501882,1034513,594823,1248180,1096430,,837532
2295,1139788,1348717,1104117,1245570,496353,476425,1299951,758350,1302291,818583,973271,29854,964345,16338,1093534,273265,469868,949978,304982,68827,1179358,,571471
700454,850621,1348516,612,169401,1073141,1204709,789306,1347211,987410,374481,665254,788629,979461,1032873,427446,1273793,744537,827433,812520,1178248,79059,,819725
1208731,910855,1181169,322224,38629,831307,86216,952552,517982,565598,1137251,116166,185579,627390,995471,701561,1094047,751465,744443,257232,321004,1240161,,1260949
811431,1011693,1348638,722373,416265,1295405,146148,108324,517980,142814,1300360,893372,1242647,980039,1212118,820905,218502,432203,747888,141467,767839,340717,,531984
764457,1344872,1348895,913324,982025,114555,571420,106697,496407,702876,843488,969490,812642,897941,1028785,64195,692747,884002,469837,567498,763475,314327,,1061249
292186,1009862,1348556,703875,3809,1133153,160067,806267,815667,799615,412065,771985,1242144,1203750,901220,783009,37310,982409,823368,196542,713201,813713,,1119035
852975,1281970,684130,133623,368418,805990,449958,312151,191791,581693,346296,844224,78287,1175679,1207087,1112932,1314460,488539,956344,542337,149468,1006475,,262808
229535,538503,1181053,1221879,1030666,801701,48715,1265290,191777,162281,7221,937853,1164340,691448,1274115,1129107,733512,519924,827439,1174775,181308,1293269,,1118995
379854,1142902,1348841,572256,474666,970074,788000,950047,162307,879089,951495,503365,471791,937560,375414,1228881,875953,490922,930809,177158,1176770,702002,,377059
582881,1238584,1348778,144986,537000,776278,794300,1153449,518369,1069765,1130970,1315350,780780,977976,583757,545040,1064315,376402,68838,752265,181189,1297398,,545405
1030789,192806,1348297,861085,452280,468514,964191,1039605,191569,915641,547353,630192,287018,1076649,622265,1285504,550769,500132,1071737,455005,423458,531287,,1000637
1064460,192815,1347788,329175,608138,119231,467664,759165,856097,367940,856049,377544,297695,535517,1058299,421068,673468,894139,930818,1241194,1077664,13695,,429735
1325494,161849,1348305,163177,152967,852635,980448,789698,1186670,1175713,1011906,1248011,452625,300093,1256285,96237,502025,1044945,884701,788854,649866,421784,,582548
206963,851479,1348605,877084,563294,1088300,101132,1240811,165033,486233,736908,900917,935101,1053935,367322,98732,748397,1060388,1325275,597579,1138975,700051,,468288
480851,1314224,684102,689967,1232813,1228563,481533,1341784,343329,1302681,402457,1315334,152315,131792,965079,1001317,622181,317526,209797,542359,1019726,1004861,,1166779
1088128,816309,1348202,1240772,982047,1161600,615560,1208780,193267,147657,324145,893384,61968,131805,145605,421067,800850,1160382,1232663,1180134,1307623,785159,,245480
742685,285905,1348208,1066091,848570,168183,63781,767113,1131029,1175708,1147881,1347546,522016,787761,61124,676377,811866,1329855,827675,476513,687177,933732,,475328
954421,675505,1348443,746430,181227,1070309,128555,1120731,191778,573359,324120,893343,781480,537825,965273,1129101,145004,843554,374145,326474,1110007,1185723,,267397
20518,133325,1348754,1054926,811105,1201049,597378,102090,647698,896315,1248074,458044,740377,1164009,242053,2553,1080021,960762,908904,553274,1227204,533124,,591783
568078,1216078,482749,1128542,1232930,840861,782958,1272067,856081,1074394,368644,511995,1318790,1010255,242049,421058,1333130,1174649,187164,574231,170735,909649,,468938
686546,474462,616209,184428,736656,521770,1293490,432056,1016581,547203,1231419,1049875,220714,1010133,920027,1039184,776933,1130316,956337,182833,318665,457194,,12681
324508,74480,1348592,1151792,1232817,317604,474219,258173,994941,565620,159121,893403,258431,120806,1302765,585255,85477,831295,340929,595862,427161,647268,,570978
607385,1177216,1348864,22230,370290,161135,449957,950109,1317476,806733,1255613,987227,1224380,980260,570813,597506,1303601,1233179,949928,716589,884957,476738,,375763
13052,864577,501577,503797,206731,1048924,1070534,741709,817455,1342630,995403,704708,16225,796284,1302832,160896,571637,843382,1094177,536795,796717,789024,,189812
138906,946150,1347744,329389,452277,1298713,794264,749676,818232,240569,420961,467903,1009091,424308,100714,558474,594091,1194639,879984,1340883,926988,262838,,429780
2287,918189,1348602,399314,1232605,194910,996084,1215188,161636,809351,346108,704704,105042,97142,841499,98735,348962,1224367,340925,128430,589090,747954,,561193
297471,750052,1348887,174978,1270626,1298708,510854,1089660,856770,1203088,346334,969494,798743,1218676,278757,1285508,588659,1198725,265596,597477,1073095,909659,,262812
700446,47023,1348583,1055148,283932,754070,70177,339439,811172,918238,1220601,1130934,1201473,1217737,1142104,1160439,706341,337256,468668,147620,415088,194298,,545168
1006889,1006107,1347684,1241007,320826,194600,969269,742276,1003852,1112497,346123,1202028,514902,7845,1044149,1240604,1158112,566901,908924,297354,1220692,813233,,563010
521139,906845,1348618,181819,1032429,731008,193757,2185,758324,995202,902928,684189,812391,760044,403931,94060,960963,143405,259624,586548,1015742,41569,,63543
324522,493546,1348494,792997,1118872,488699,546658,313870,1003833,1175916,1180858,1202026,751781,1164019,1032814,1201759,576346,358407,1050571,174710,1017014,459238,,429798
1017125,738738,1348485,898955,306081,899844,275652,431972,1016584,792178,982638,937800,1275516,333795,957627,194722,154024,510200,536805,1041993,772941,789005,,278917
1110813,452238,583920,1437,1135278,86777,70167,187620,1170397,982706,64181,1202347,865091,1291433,405028,676464,372009,1004952,744431,452452,1037617,915722,,570999
13401,332458,684132,146406,947571,547966,279444,1231192,1016478,797176,982179,524385,459726,84429,985968,560669,459892,1131450,956301,466378,344658,1298046,,551045
686547,153482,1348755,937083,848652,684529,870089,33921,797802,423826,225769,704711,1235626,1284326,964299,1129356,570855,963369,469835,779981,1138972,96608,,576237
857455,1315053,1181025,182260,1061203,919133,980914,581725,885364,162277,746933,777112,470210,423142,1119761,427455,300572,832791,1217825,546795,1029745,744408,,189441
922291,929687,616282,1032352,12824,59428,783330,691960,161633,583764,1053807,1315295,210849,506553,145429,424475,1033313,481251,909147,182378,320952,868877,,1061063
1103034,1185237,1348207,1185552,207034,800092,193770,307332,1198331,847723,746939,771231,1073190,114488,839988,560792,591527,1149839,142360,1038980,1346342,706514,,907730
37424,358074,684111,248683,1042657,733550,686985,927721,161099,920564,1012205,704706,608009,469281,578049,561395,220128,954135,950015,298357,1177797,177416,,546403
918582,475091,616248,1107651,38650,316069,481263,223424,1016448,599253,745717,55525,1080121,181716,830042,1039037,199607,1329813,742130,326454,1172604,1229779,,157399
1285122,1239987,1347715,370379,206714,259259,45806,314118,604891,1258092,626685,783151,689277,584381,597744,996870,856090,903578,1061754,594804,266845,995899,,820548
580323,692330,684100,800871,521862,235905,691463,487212,528059,488780,854846,156600,61938,333603,843661,561471,580544,1045398,819795,575238,417791,465938,,372339
952178,1238262,1348214,589922,982046,1154097,276689,585055,518368,11754,769685,199577,798674,761446,242051,503934,822113,1146338,307586,792621,278289,297598,,576231
949566,1238660,684122,1265701,982045,1194129,475142,1202563,161065,526156,547312,771962,578963,1326926,863477,26921,974449,1169076,1220568,542347,1031879,827109,,531947
229065,1179194,1340068,298723,1232886,831374,1155515,1106451,518367,987420,66779,1197806,798093,823601,945270,569442,594990,893872,1150236,788865,941274,341183,,156112
1017190,675787,1348663,605264,1030465,649903,448288,1263806,1347215,1016564,938699,1315301,1159440,1218739,863498,782996,1100502,230412,823383,552570,1162482,38479,,275143
190595,927019,501576,274460,245497,1185900,142487,102361,797803,982654,597354,176663,539818,941525,554643,614101,275160,910697,68839,552513,1223198,828234,,1249978
1242660,1302400,1348756,958251,692716,547565,546815,147467,1003814,988441,858002,893345,1201791,880172,696437,61083,981142,1082182,909579,147632,611757,877421,,373984
678434,394356,1348601,476567,1030872,1075372,775041,1122016,517986,528047,929561,1085023,636709,1001710,48890,415028,371724,1045823,527929,1124085,489943,1309289,,545239
1246474,794119,684098,179760,276452,869911,969283,195931,758353,995331,1180605,199576,716712,874524,1041049,305513,1105449,599379,1223605,597591,1077651,1169855,,817045
941924,1239494,1347675,725952,1084470,786858,86505,506719,191577,1289026,547746,918111,68630,721733,1044021,1129363,784515,554507,1071732,545368,742514,107194,,1119014
981554,750066,1348211,132786,1177853,195014,128628,1019541,758363,411370,344325,1044645,453834,955529,162507,477748,452296,814005,909152,561488,355213,702324,,1012254
1299704,190992,616355,299390,191731,847340,91925,1217516,752486,561683,746998,74537,130065,98815,161561,676337,77606,1211824,949963,1232098,597708,825873,,575576
1006618,990254,1348893,802112,1037589,1065259,394645,195370,1243912,1304598,781583,815243,190742,828427,145607,503928,743654,162551,1161282,575243,115075,263038,,570995
1103004,363360,684101,156460,1133586,59554,543371,1113633,856086,1123695,839936,893332,1159155,1048332,1269268,561404,276448,499403,1200145,794514,993199,761535,,448987
788241,735398,1348783,974269,1232604,1217485,562070,1090084,191924,312981,788425,1091610,933694,472950,433186,616392,191210,1071937,823392,298362,917008,529606,,546444
583234,864581,1238579,298577,537016,856299,808703,798800,517979,373428,300265,1315290,7517,1316410,127454,597511,511882,697061,1231409,552535,66319,299355,,1150354
1111491,1008079,1348266,1163211,798413,1029557,775810,984483,1016461,577310,936516,918090,175493,900023,1260173,561502,1250810,628801,827453,943585,1057093,940383,,375949
32240,1254669,1348764,789064,1135272,991580,969038,816621,758330,528033,930759,783156,430950,747800,690546,676374,1048704,1191053,742136,595806,843830,999931,,429812
345563,669513,1348552,298682,604619,813769,823178,236280,1016582,1175739,324103,1197927,714554,1315882,843660,585242,260537,1337963,879872,552572,1128268,1227,,1054233
1189239,1312277,1347802,266665,376635,125408,969248,226016,191584,1163696,1011901,480834,1074204,144660,435212,560825,30865,1080442,1218266,681482,40345,805567,,561275
801262,1009960,1348255,1169917,422863,649908,1025756,197076,529869,1172040,1002952,116165,1089694,980729,982155,597501,582449,373710,1050581,545783,1029029,69775,,14657
1271839,833852,1348673,428234,537017,42592,142497,30792,758331,833797,839943,968856,1103669,796451,1015520,560705,1338567,335037,956341,810596,696339,751691,,561264
1080312,288780,1348481,219689,1176824,1061640,794338,835709,537951,1164200,665541,893364,689927,167568,13633,194706,716794,820226,536813,141783,966551,301021,,63544
355355,1239465,1348897,475338,1233909,219920,305330,313796,162540,794755,865443,199572,212127,402668,690554,194705,1096196,374931,990747,536824,427015,828299,,473564
572241,1290920,616221,1160173,1248063,477047,898445,868732,1135357,54404,189349,937802,1307435,311686,100711,26916,875964,769143,527937,792623,649860,533324,,591738
568874,501529,1238577,1035950,3754,93334,86494,1285572,467922,476193,1287287,928410,520068,259512,234863,545163,815778,1059357,958036,196522,1015438,1114732,,1150371
1246194,1009979,1348802,681847,1101654,39011,42508,861424,165036,901239,547315,338108,675432,1118319,1287532,1112954,984864,1141658,1232665,599034,1054678,805712,,430544
849656,1072690,1348455,1151797,1232597,970456,213945,992270,191758,896309,818579,800151,716372,502693,1137615,96238,545192,888434,1128665,945796,97404,47704,,320275
1255725,474614,1348585,818842,982035,42565,476324,834650,467918,1222,547287,688074,293674,690192,520975,415051,178815,695240,827695,860780,1129675,753858,,550083
624870,162208,1348646,720592,664960,535495,142672,1219126,1003843,1016523,788424,160837,798903,931109,1119810,185703,1146852,1149528,845493,325137,1108295,1169427,,598576
189255,848588,1181129,1050851,1126991,776079,997862,110720,994959,1185457,346129,55949,945562,775959,227378,560594,584233,719468,884671,595678,607311,188414,,1260956
276257,1239912,1348233,243739,277057,1161547,787994,1109756,193266,1009288,1002969,630183,678218,144373,434648,427443,457741,1002137,54318,536798,353690,991292,,1033560
518639,306105,1348436,1224801,1209768,1198410,86211,1122553,1260362,547528,374232,894457,262109,1076301,703085,592105,199187,945696,1232660,597595,1000129,59072,,561268
943794,208182,1348421,215193,191724,168185,120706,1172373,1267341,709368,875343,162752,1169998,1305952,578141,676347,189460,1337053,450363,182061,326962,362290,,591759
565902,918193,1348786,937103,583652,1320228,781568,1122011,518358,918266,159304,1202169,147445,469435,798301,607411,174827,1330563,1150199,550125,845804,1138842,,548152
898894,636808,1348724,891897,367916,649891,476763,47888,529867,521317,324139,971782,878797,939361,1155584,592102,805647,362710,1179753,968469,767830,430318,,320281
831065,1211048,1348251,987116,1232598,197547,300390,432371,1016429,546487,1011914,198921,1020955,1310338,161560,352958,1282488,539673,1172205,550457,820030,784802,,262811
1111508,877605,1348922,937598,999509,899986,363157,894262,191566,992648,1043850,518657,453609,1345362,964280,563081,1158239,971971,742140,168043,753295,430377,,1119029
1249154,192795,1348454,685615,563317,1018973,550212,65138,817535,920558,420968,1221016,468641,1142176,571653,424493,587321,316461,970413,77101,1263378,1329709,,475330
379843,784593,684109,299735,225721,114542,789377,107427,191761,1283776,316524,684232,132555,531490,1058343,561408,154336,895037,971819,123112,1166475,1075381,,267391
357094,526331,1348644,1050607,181240,825102,779152,1029118,528063,137882,1017510,614322,132081,1007281,874684,14542,588411,1110128,52803,578209,452063,891611,,561522
1296441,494121,1348246,1162098,1061192,1190705,1142638,937959,811169,982938,345605,446698,1182510,585713,467109,1185275,597245,120499,823388,945810,1220957,1334259,,592037
931186,1009919,616240,474917,284172,1168297,68570,195059,1003839,891060,902952,771250,419219,1329504,306382,607605,68210,442361,1070225,595675,1139350,1158884,,837547
1172374,282202,1348513,96164,798403,1202554,687016,183733,1152832,1203098,941001,1197821,233163,872490,1058317,569431,1172024,526226,54327,460666,1223251,825538,,373985
127412,192610,1340069,555315,692742,27116,193657,1046012,817521,573371,73160,822077,783250,537359,234894,783010,72512,1194871,908911,177111,888625,793581,,429858
1157571,258637,1348704,989002,1084475,856291,474229,937987,1260108,1112478,1735,971151,1333549,316851,859060,783011,92077,664066,986278,597414,1032017,327388,,503910
686576,1238312,1348915,401473,536718,316034,466835,774085,856769,312960,1180585,1276856,1294786,314352,145791,160001,347567,807595,1213963,584606,985570,694494,,304997
1011825,115893,1348807,277453,376860,539643,48742,1109812,1085135,561572,839946,818278,221410,422650,547608,545062,595837,1059635,986270,595803,1025044,704509,,199105
16682,208155,684099,461260,306625,662946,1293493,939234,1321158,512363,2325,1197809,1074999,627290,1343129,558467,1200153,964149,307578,586849,927389,1073981,,1118990
1299701,1009859,1348573,588790,370284,649889,823295,195934,191798,1302340,1319037,1185379,1206059,1338745,1211826,547985,435087,959933,823381,298390,870844,1297526,,1250069
1103032,831740,1348781,377690,536721,521764,546663,880579,649353,1302324,126566,617653,7510,197932,901217,676487,767760,1156256,971770,791222,452067,86652,,1244770
742624,192076,1348466,1032979,608145,703812,805835,1285558,918146,714754,344481,681394,1124426,1007301,403940,1129355,489333,823238,1158731,595886,50967,1175414,,1119043
102890,1037912,1347803,251110,229240,831898,300393,1097857,1129091,278098,1180775,876117,502202,1314185,1274126,1246395,773155,1103325,1155781,791202,1237768,872091,,939738
374581,1281988,1181142,1144835,245509,488700,994590,694621,856088,565597,1137296,1154238,175325,1280080,1289920,545646,1147355,393056,1217721,1120524,1324485,537703,,429605
949605,960903,1347725,576748,38661,787725,86487,714842,1003829,61177,73151,893339,272905,223219,227368,676366,1082820,1210300,820417,536790,945393,761555,,245491
379601,985312,616290,298027,376639,533038,964172,976542,1003836,569331,427756,116171,87078,939170,862973,561495,1336253,688828,820424,586855,568511,914286,,305002
209766,770409,1348482,716329,947565,513636,1007991,680150,1133986,511718,1024326,968846,222687,1071862,1287539,1285482,1025551,855785,1028837,815245,490386,187183,,1153438
924032,692342,1181149,254840,1136691,1213696,1009265,183679,994962,702883,189363,526684,1240357,1142475,843654,183924,1149681,498505,741198,545389,798139,642512,,580183
943635,1321884,1348273,577182,416269,1299070,794335,235763,1258051,41701,1248017,476222,27281,289197,66850,782999,257418,1337980,970412,997834,944751,220863,,617666
1140926,875128,1347666,925461,1133290,1018984,788042,16525,817457,565615,857884,451276,443951,1290297,578019,194709,545114,1174593,1129242,1201641,43325,341991,,375971
1176743,983785,1348651,174258,474665,1195124,805819,742290,885365,599289,375173,997101,505038,289206,851711,597505,124290,164942,470991,975420,323259,80023,,1212288
568102,929635,1181019,1219111,1265120,1284862,213796,789316,191915,1081421,1260905,1212425,771834,1112825,578282,1228883,618660,474086,949987,325132,776959,288613,,306866
1091271,435318,1348253,330564,1057138,730738,114574,990980,994952,1302705,798505,338014,344024,837293,1343118,560682,428811,818792,466764,779987,1077821,1293610,,1034592
595360,935294,684112,722370,913170,1299063,969380,919718,856119,799604,1258111,681124,1030134,683915,1058358,421054,969844,1080331,930816,1224859,50541,758423,,1337379
297479,501530,1348857,641289,1232873,733556,510859,869322,1212415,327094,1247928,449566,1043065,195240,1270942,194725,917276,1295639,747891,552575,881685,160597,,452793
678444,192340,616252,738214,209030,523988,782344,11730,1308124,459228,1180564,526591,360339,1161093,1041017,1162517,552334,72119,1217826,263578,711440,806199,,1119021
1103038,1010004,856332,827613,537015,700753,1301905,1039407,1016437,831245,518010,1256383,166908,585725,1085392,352961,177046,1000973,741191,30672,551594,705607,,562658
568264,475238,684113,1021771,320833,235317,264264,591637,6257,918279,865651,541419,987279,253642,550052,569440,1047175,777396,1155776,597144,48314,487044,,195317
943758,264189,1348385,764320,1209778,521750,449967,788053,389036,1174566,159082,431466,233239,568924,597607,185700,1142756,939782,909594,451978,96494,686287,,580182
1040896,1240255,1347782,299775,1232815,898210,96373,432044,797800,618719,941062,1346566,823002,1335348,454200,486195,753921,1045619,527824,571960,57294,226995,,1012271
17552,875058,616222,681779,1232613,787689,794641,224526,161631,879081,300268,377540,678453,361015,1119525,931078,574377,308800,884691,1153497,372266,739283,,561261
952185,1011582,1347772,702562,1028713,534680,293909,991111,161057,561737,404043,306231,787931,219138,1030320,560824,552168,791927,1164721,566097,1178895,992090,,545309
686555,1084840,1348722,1218787,561880,840860,148585,1009152,529859,995255,1183900,526644,1134079,975498,732611,41444,1261816,70405,421891,1293020,791423,1140694,,1307232
37421,929688,1348405,1028371,608129,863009,193653,2196,537956,1302691,346139,1199988,793654,911018,950614,41550,547703,91454,736597,257228,888637,220819,,1163453
360429,698668,616251,1101970,1133498,542915,775818,794315,1186672,794477,143707,371928,225672,279108,1119671,561496,927090,1137836,876207,298374,855634,999910,,1166781
1006899,786164,1347793,400934,1136688,1061641,1123653,1136137,161067,278094,420973,969805,935204,1342265,684913,2513,520712,593857,741111,595684,870900,1303073,,1250077
700420,1237962,1348525,297318,848568,854371,870057,236887,1085142,1100198,369259,1085030,46792,220904,161570,542954,590960,1288614,879975,552521,477346,664978,,1054236
857439,492429,1348865,1248882,1101670,496224,96808,130732,1085137,512492,126579,604913,467586,721291,521219,996869,491051,528733,823391,595867,764879,429831,,777563
78397,956867,684115,1076470,67465,1282269,1086519,224377,1016444,1138936,15239,752345,245324,1215710,41175,1128365,1099731,1283854,741178,485764,1303387,933269,,562664
1292108,1243288,1348903,298776,1133886,406731,128861,944582,1016593,7576,769671,910793,303893,887047,749655,1213896,618024,831109,1049285,1120519,1016409,1124239,,448965
78248,1235891,1348765,957098,1031031,1320396,990393,1061441,856118,861011,17436,893563,1162,31889,521389,676334,735704,862392,257672,693222,578415,529925,,545334
830002,517380,1348582,474906,982034,1299741,146760,518407,205197,108468,1180770,986676,521399,807064,1287428,96239,618773,848142,956306,263283,1308351,340198,,473569
79850,835191,1348726,132794,798410,317594,980461,1012313,817518,981715,1184053,306232,1218825,51724,519881,352962,572720,1000089,741166,361049,123637,1155125,,429618
206889,1271666,1348418,212697,1232637,913997,74956,868729,1198372,784841,941017,797186,1239184,84427,1113723,701554,271551,789982,702090,536820,273865,796666,,430240
1221375,1252863,1348837,584120,1061202,120797,273245,1206019,191962,679198,200690,65009,104670,530437,730850,1221830,334366,1101323,1217885,472766,713215,447786,,430531
370879,415704,1348542,1118363,940917,469150,576467,971683,758341,198433,1002951,771243,175986,505681,696496,782993,12349,1133139,209809,812515,1687,784384,,1337358
1147879,243683,1348737,1339615,1185289,776089,365121,7925,467925,1185475,695468,1315237,1142734,195272,91579,542920,546549,964053,986280,475812,855427,1186515,,570986
145024,926699,616210,1054635,940914,119021,1808,1302152,191575,384204,986848,931144,1161273,111067,521032,676355,619919,813868,1150194,608292,200725,828931,,560818
1156181,956885,1348591,146404,843935,713396,964193,1064054,797809,67523,1137259,511579,1201383,313665,848471,2540,970340,823840,819797,454500,941203,828930,,545173
1221367,1139865,1348257,717792,1061196,533239,78780,814785,752469,545237,888698,55516,1225061,865816,1136478,740125,414494,919997,741141,56391,6538,531026,,571069
1061535,243675,1238517,1346464,563316,27117,298932,110187,815662,547187,188830,451155,1333524,1277378,982185,597518,770113,377201,956297,860775,19841,746651,,558900
1243085,266838,1347776,877080,225722,1121997,213786,1202564,1317452,1164204,857896,937788,85068,824549,1041044,486736,1200151,979539,527919,567513,955068,1022457,,551671
495792,1009695,1348641,572072,947583,684515,823304,900489,1016592,561606,324347,1277116,132158,808728,1136398,545629,598217,1100992,643423,182832,516082,223439,,481310
12863,1136566,1348574,322701,811108,541003,147052,1040678,161635,792177,550011,384259,473830,133867,764555,1285487,1017914,267643,1133919,552624,77867,982777,,468931
1017181,1238529,1181168,588791,1232539,845049,546922,257458,1003819,697800,945483,338029,448790,162421,699296,740122,3218,1180203,469830,599171,355216,537420,,940036
1029605,970775,1347758,986739,206601,919136,503727,1263807,752466,476192,1130707,446982,1340936,655308,966843,1219166,953538,1177487,908909,174711,1106911,1253823,,14651
686579,909114,616229,1072221,1030748,466151,1013470,127974,528050,1046475,892104,1049869,147486,98421,435209,561462,768255,300536,741133,571946,1100029,738512,,940022
415286,990250,1348697,1206358,702696,1018966,77351,108600,1003818,985831,1137289,969806,565841,812379,981551,561484,885697,703261,958037,705806,493967,1075411,,320274
225015,976469,1348256,199298,702715,1088602,363163,228145,1283792,1088593,856151,1221015,1172397,54344,1209160,61095,599334,1337048,986271,881486,28012,247954,,1150374
840365,918289,1348282,764326,1179424,1200924,969017,1263289,1198108,977116,885165,181433,911068,401052,1343100,607608,53966,821598,1164737,369731,1345064,867851,,246079
1030687,1011602,1347728,1125450,38618,218403,969199,317626,191793,775145,764938,1276905,181294,686904,571646,996855,204020,38141,1005434,29051,1039738,810165,,591762
700411,358076,1238578,174888,567630,27127,833657,1153289,1189310,1113383,1323078,526687,165589,452107,925946,1285493,898336,148220,1245725,257274,1181994,302616,,591754
174030,880731,1181191,127439,1061189,114554,805839,317778,496451,1035077,1271575,1291849,465893,204942,730830,585256,763626,1339649,956460,595454,106278,430691,,626903
1030828,572659,1348248,587996,276451,970386,810554,941609,343315,704014,368445,701964,1304224,223024,227372,607403,368032,348764,792037,579493,884043,478314,,597668
401330,648310,1348821,263857,744102,317605,147274,742273,467923,458883,1097956,771219,1289839,75953,1041345,352964,582657,1057528,1325308,806836,423309,968668,,599197
1325516,1009984,1348448,963060,164019,42624,391006,2264,517987,550568,892117,457623,278374,63741,964291,1201751,754583,842894,736596,446755,855977,940365,,974087
103147,1246511,1348788,339781,571322,852621,456440,16284,797799,797181,938061,753490,469100,571141,84684,676364,1106013,317532,1150204,297463,576833,774882,,390002
1017104,1010091,1348313,945520,1037590,1161588,969372,417825,343317,806987,902867,537774,1191840,1200354,861551,676462,520983,399084,820408,128442,491095,43064,,549243
739867,192600,1348287,1151811,1037586,531912,562047,63978,162296,1185997,863483,928411,7605,986429,1263325,548183,1283228,153129,1049199,545404,13155,506391,,570980
1017182,193059,616102,149009,492588,521758,101138,1330133,1260253,363190,909524,38769,433587,823208,1345916,560494,594392,1093619,956317,128436,1025194,6935,,387951
1017116,1292693,1348877,1182892,1101648,832069,41388,109960,1003815,1016702,1097948,844230,991521,367357,1273327,783663,574698,720924,1163795,550565,855067,1204024,,156280
829994,1308113,1311669,1175218,1027427,899968,980907,976945,467924,679181,245893,937801,1304276,448900,957356,676343,586465,520042,702092,597420,784762,235792,,453577
1111480,13611,1347688,113652,1029785,521763,128173,931270,818235,686867,101213,524382,973972,929406,583016,424497,1341834,1194811,619464,597727,106793,96905,,570923
1135306,452477,1348261,334558,1209767,533246,921524,574219,752467,937662,126569,800156,1103885,1117619,1272047,810812,901105,280439,823361,30685,1297834,461135,,1172063
918511,735183,616334,467793,320827,852626,813156,719131,1085140,1185996,1319024,985597,90640,648682,158876,597504,763705,763818,1049459,896401,421791,167059,,821845
964740,1206781,1181144,181891,947573,700765,74953,431592,1016473,580659,990582,176121,1288929,1164643,1223225,1162516,547714,732901,1028838,597421,1246593,1123121,,12682
401431,1044634,1348692,582710,736658,218420,980412,1124436,1260105,573373,1012201,1049773,327842,760253,265935,560492,581545,814206,881030,468228,966433,686304,,599200
1264358,173780,1348213,276790,1270629,539661,789379,887565,817540,992655,346325,183853,87052,981905,435181,560679,334279,763231,479342,168046,748695,995835,,430338
734094,1312262,1181018,703283,67476,1194432,553004,194855,1016464,68447,798514,910626,179040,975330,1113074,1128428,198216,1027601,845490,28957,370317,1075546,,255073
1011833,1246422,1348467,353571,1232934,1042969,597380,747765,1131020,833803,865642,681180,1201295,678574,487657,676448,467431,348776,909144,586869,879647,626864,,448970
1016893,533266,1348277,334548,552785,662950,1280830,519214,1003847,475252,1002940,463554,452946,51278,1016301,820904,1344055,846475,741117,599126,950867,1289794,,448950
571807,1243284,1348262,146596,1232743,832116,911655,479048,918153,626529,1270732,845934,1221635,227210,554646,558497,145006,1101002,827688,263701,1106533,117026,,1061328
964731,1240250,1181016,829758,1031033,1298366,898447,1122106,191935,565602,888680,771255,401290,461433,749614,563084,1135541,1171965,619473,368583,11305,145493,,531946
206969,192827,1348537,930607,563287,832089,576477,102863,389044,724927,769614,809737,944783,816827,351103,740118,983437,1149742,1231415,454490,2548,1148419,,604766
918507,1238799,684124,932587,563284,1169425,855204,1112337,758333,577304,715037,526617,305350,218990,1113077,545104,579648,967375,958065,454502,327495,1293505,,571456
96214,692321,1348855,299179,284347,819776,516449,841571,918147,412819,909713,184383,1249719,534953,965069,542967,554222,1214336,970416,552583,1039644,430015,,1061259
916151,494176,684118,174263,208931,1166308,40822,991003,1016484,1016689,672741,806432,121170,116547,830041,616394,1154205,376231,1325282,566099,859881,97842,,821835
1244084,797704,1347773,1076962,1135348,832111,128599,575752,1016497,15119,1248047,463567,45990,1001504,725887,160897,1078215,391358,369724,812509,1016882,1299206,,571470
1243030,816313,1348456,777520,275426,1161441,8215,760102,1074471,706773,1017513,1345833,121387,850167,1292919,1277005,511145,300293,741197,597151,315511,102846,,546422
742607,1006115,1348201,215425,433950,840859,165059,859578,918142,580663,151887,446984,974111,1099462,467113,560826,1071956,584460,950009,175684,1025193,300063,,429749
597907,880923,684119,1217380,796933,1298709,1302431,687488,496444,1342624,566510,997084,255481,722115,1334499,569434,1042458,776504,736921,128346,720006,813250,,476751
1182833,665453,1348805,355003,123928,531905,365365,506742,800879,1252990,123337,331258,358869,879149,1004347,548350,582296,1213497,1179749,449826,1247363,703685,,792984
1039069,875763,616227,859471,796948,1077631,969215,1016234,94353,1342636,1242469,1202185,473101,1151468,44251,1285481,1330913,745222,421534,141599,312402,210792,,570890
